"from","to","global_cor","lagged_cor","shift_time","global_cor_p","lagged_cor_p","global_cor_p_adjust","lagged_cor_p_adjust","class1","class"
"CGM","cytokine_34",0.273908832401493,0.291964569811933,-40,0.0107118187181736,0.00607077806043818,0.0964063684635622,0.0455308354532864,"positive correlation","cytokine"
"CGM","cytokine_40",0.307857027892083,0.307857027892083,0,0.00393213727943096,0.00393213727943096,0.0442365443935983,0.0429711752589212,"positive correlation","cytokine"
"CGM","cytokine_20",0.32706340266072,0.32706340266072,0,0.00211433917877753,0.00211433917877753,0.031715087681663,0.031715087681663,"positive correlation","cytokine"
"CGM","cytokine_4",0.33097042028724,0.342554560229082,40,0.00185445542008024,0.0010871755974047,0.031715087681663,0.0244614509416058,"positive correlation","cytokine"
"CGM","cytokine_6",0.342660296647659,0.354944358047418,15,0.00123977782160454,0.000742558381092239,0.031715087681663,0.0244614509416058,"positive correlation","cytokine"
"CGM","lipid_113",-0.118446610026821,-0.324459084070426,50,0.274539258728876,0.00180895507092411,0.978240749859278,0.0419074591430751,"negative correlation","lipidomics"
"CGM","lipid_165",-0.207042755265234,-0.331482071864628,-55,0.0543371801068075,0.00141535638138442,0.710080066608724,0.0393469074024868,"negative correlation","lipidomics"
"CGM","lipid_68",0.223077075121632,0.345696272389183,30,0.0378127935105783,0.000906269081082471,0.660851286310906,0.0314928505676159,"positive correlation","lipidomics"
"CGM","lipid_111",-0.14463329616757,-0.354489670016937,55,0.181360754085156,0.000653527624338432,0.972985512141122,0.030280113261014,"negative correlation","lipidomics"
"CGM","lipid_117",-0.20272606256602,-0.370821138828867,45,0.0596789780371747,0.000320780877643386,0.710080066608724,0.0222942709962154,"negative correlation","lipidomics"
"CGM","lipid_112",-0.114498520578156,-0.372995492475187,50,0.290967378351478,0.000293843576768212,0.978240749859278,0.0222942709962154,"negative correlation","lipidomics"
"CGM","metabolicPanel_2",-0.141635268946046,-0.268127998261154,-55,0.193320068207857,0.0110707920396353,0.805018717484559,0.04705086616845,"negative correlation","metabolic_panel"
"CGM","metabolicPanel_7",0.273266822561733,0.273266822561733,0,0.0109045823109759,0.0109045823109759,0.0617926330955301,0.04705086616845,"positive correlation","metabolic_panel"
"CGM","metabolicPanel_1",0.360621362273532,0.382870152406634,10,0.000647576947129086,0.00025219233347636,0.0110088081011945,0.00428726966909812,"positive correlation","metabolic_panel"
"CGM","HILIC_POS_1.72_117.0563n",-0.0427474921772102,-0.295323578566638,55,0.695943765797084,0.00521632997488501,0.856221723980654,0.04624758916421,"negative correlation","metabolomics"
"CGM","HILIC_NEG_10.10_146.0579n",0.21637139352156,0.297754178490144,-45,0.0453972767672906,0.00484067827179551,0.271048446581176,0.04624758916421,"positive correlation","metabolomics"
"CGM","HILIC_POS_8.89_127.0503m/z",0.25302757340977,0.305519807216202,20,0.0187465754525318,0.00422907998147897,0.215857764455053,0.04624758916421,"positive correlation","metabolomics"
"CGM","HILIC_NEG_4.44_151.0261m/z",-0.166490461784044,-0.305583278852223,55,0.125500083472229,0.00378876598589934,0.326762413589856,0.04624758916421,"negative correlation","metabolomics"
"CGM","HILIC_POS_9.84_102.0914m/z",-0.0204842232390431,-0.319851234988692,55,0.851501662782267,0.00238315151807012,0.934680302979947,0.04624758916421,"negative correlation","metabolomics"
"CGM","HILIC_NEG_9.77_123.0532n",-0.0516405596796753,-0.336293832485083,55,0.636782302891541,0.0013578932831383,0.798066749850251,0.04624758916421,"negative correlation","metabolomics"
"HR","cortisol_1",0.0850707534016306,0.237031147505017,-20,0.430665151641093,0.0289482174803665,0.430665151641093,0.0289482174803665,"positive correlation","cortisol"
"HR","cytokine_12",-0.065037979148355,-0.301303696139244,20,0.54021021559417,0.00351564017803193,0.939964384376468,0.0430603911740041,"negative correlation","cytokine"
"HR","cytokine_17",0.16176879964829,0.303576634460908,5,0.125534130817327,0.00382759032657814,0.848046192837571,0.0430603911740041,"positive correlation","cytokine"
"HR","cytokine_3",-0.180554011361766,-0.313055927114864,55,0.0867729387560723,0.00266195941344248,0.848046192837571,0.0430603911740041,"negative correlation","cytokine"
"HR","lipid_774",0.101236834074487,-0.204800569804287,30,0.336943060997883,0.0464941376355685,0.981419842463738,0.0491708345763468,"negative correlation","lipidomics"
"HR","lipid_748",-0.162526145087831,-0.204897065259417,-50,0.121648120535425,0.0475865047641773,0.981419842463738,0.0496799888993188,"negative correlation","lipidomics"
"HR","lipid_222",0.0817354621194187,0.205103444879263,35,0.438601372991697,0.0473583357675068,0.981419842463738,0.0496096658209707,"positive correlation","lipidomics"
"HR","lipid_548",0.00327129526999315,-0.205498526306138,-55,0.975310826411657,0.0469240659958366,0.994562912361782,0.0493222295049935,"negative correlation","lipidomics"
"HR","lipid_326",0.00945933724407623,-0.20563359652183,-55,0.928690726809465,0.0467763560809561,0.992663990733325,0.0492508732115186,"negative correlation","lipidomics"
"HR","lipid_772",-0.00886527936425367,-0.205645079904359,-55,0.933158374789551,0.046763815867407,0.992663990733325,0.0492508732115186,"negative correlation","lipidomics"
"HR","lipid_368",-0.012867600197083,-0.206363377802859,-55,0.90310556339677,0.0459849244971911,0.992663990733325,0.0490029333588375,"negative correlation","lipidomics"
"HR","lipid_530",-0.0304574034282658,-0.206365529976678,-55,0.773186203865564,0.0459826070217623,0.992663990733325,0.0490029333588375,"negative correlation","lipidomics"
"HR","lipid_468",-0.0200144284378561,-0.206563429558238,-55,0.849806095973121,0.0457699205144764,0.992663990733325,0.0489428786090675,"negative correlation","lipidomics"
"HR","lipid_247",0.187600225370073,0.206677626454989,30,0.0733365381402255,0.044481056413035,0.981419842463738,0.0477301074901611,"positive correlation","lipidomics"
"HR","lipid_299",0.0346857162257567,-0.206959100606315,-45,0.74272741714885,0.0465409520139166,0.992663990733325,0.0491708345763468,"negative correlation","lipidomics"
"HR","lipid_69",0.00942555361167041,-0.207070177355913,-45,0.928944740709371,0.0464208918677012,0.992663990733325,0.0491708345763468,"negative correlation","lipidomics"
"HR","lipid_38",-0.101045403044238,-0.207138771529842,45,0.337862208144382,0.046346878236576,0.981419842463738,0.0491708345763468,"negative correlation","lipidomics"
"HR","lipid_53",0.137845297410035,0.20721590262746,25,0.19007638678739,0.0450744614929421,0.981419842463738,0.0482828867033772,"positive correlation","lipidomics"
"HR","lipid_514",-0.0756878360454596,-0.207797494133783,-55,0.473327348170431,0.044461962609466,0.981419842463738,0.0477301074901611,"negative correlation","lipidomics"
"HR","lipid_650",0.0350567705270868,-0.208228522504768,-55,0.740072557657571,0.0440124981872138,0.992663990733325,0.0473921664598794,"negative correlation","lipidomics"
"HR","lipid_441",0.00243545153172712,-0.208253253790595,-55,0.981617834213402,0.0439868239533685,0.994562912361782,0.0473921664598794,"negative correlation","lipidomics"
"HR","lipid_477",-0.052889054646956,-0.2084395723545,-55,0.616576214725147,0.0437938009784807,0.985070772229234,0.0473921664598794,"negative correlation","lipidomics"
"HR","lipid_191",0.0420758418023546,-0.20866268963946,-50,0.690456407582821,0.043563581291769,0.992663990733325,0.0473217071426435,"negative correlation","lipidomics"
"HR","lipid_495",0.0681845722945535,-0.209362055588692,-55,0.518400016406859,0.0428484587751151,0.981419842463738,0.0467093623043215,"negative correlation","lipidomics"
"HR","lipid_243",0.208612485408012,0.209957263655516,5,0.0459778671522669,0.0470128387046723,0.896784889708549,0.0493314991169776,"positive correlation","lipidomics"
"HR","lipid_50",0.210578234882688,0.210578234882688,0,0.0439222405224396,0.0439222405224396,0.896784889708549,0.0473921664598794,"positive correlation","lipidomics"
"HR","lipid_533",0.0277140005399775,-0.210806495108473,-55,0.793137027851804,0.0414023496853749,0.992663990733325,0.0455148756366553,"negative correlation","lipidomics"
"HR","lipid_762",0.0594332165984221,-0.210822962505883,-55,0.573593591993018,0.0413861006040675,0.981419842463738,0.0455148756366553,"negative correlation","lipidomics"
"HR","lipid_538",-0.0257468317133369,-0.211698323806788,-55,0.807526083563496,0.0405299590581814,0.992663990733325,0.0451008446117056,"negative correlation","lipidomics"
"HR","lipid_780",-0.0758880712627648,-0.211713141006299,-45,0.472154286954246,0.041627051877377,0.981419842463738,0.0456196998371965,"negative correlation","lipidomics"
"HR","lipid_231",0.105385836999211,-0.211873505036294,-35,0.317411086911067,0.0475138588992175,0.981419842463738,0.0496799888993188,"negative correlation","lipidomics"
"HR","lipid_9",0.157565802743227,-0.211916656624095,-30,0.133603651420677,0.0461891446197948,0.981419842463738,0.0491356935007128,"negative correlation","lipidomics"
"HR","lipid_329",-0.0209270604870112,-0.212546190675419,-55,0.843043085013093,0.0397148382527598,0.992663990733325,0.0447154292006437,"negative correlation","lipidomics"
"HR","lipid_104",-0.0396763174653614,-0.212568892263293,-5,0.707283817937062,0.040790116447567,0.992663990733325,0.0451840248620267,"negative correlation","lipidomics"
"HR","lipid_473",-0.0938305904522859,-0.212797596412898,-45,0.373653307103494,0.0405688310526688,0.981419842463738,0.0451008446117056,"negative correlation","lipidomics"
"HR","lipid_443",-0.0913006570502803,-0.212932642583736,-55,0.386730749974349,0.0393478770426868,0.981419842463738,0.0443832543607638,"negative correlation","lipidomics"
"HR","lipid_102",0.120377989466594,0.21295804393604,-45,0.253038432882833,0.0404141862182533,0.981419842463738,0.0450914157263332,"positive correlation","lipidomics"
"HR","lipid_600",0.0167962740715056,-0.21297317516965,-45,0.873737679392801,0.0403996276121931,0.992663990733325,0.0450914157263332,"negative correlation","lipidomics"
"HR","lipid_281",0.213038420594,0.213038420594,0,0.0414576338862242,0.0414576338862242,0.896784889708549,0.0455148756366553,"positive correlation","lipidomics"
"HR","lipid_276",0.213098306143069,0.213098306143069,0,0.041399106729429,0.041399106729429,0.896784889708549,0.0455148756366553,"positive correlation","lipidomics"
"HR","lipid_750",-0.0794950061109073,-0.213588771890417,-45,0.451295328916121,0.0398110248674219,0.981419842463738,0.0447158576606257,"negative correlation","lipidomics"
"HR","lipid_146",0.126255386037883,0.213878653093555,5,0.230431788668771,0.0429541891996749,0.981419842463738,0.0467420365717803,"positive correlation","lipidomics"
"HR","lipid_349",-0.00231319375713964,-0.214241258675529,-55,0.982540455997606,0.0381262239582985,0.994562912361782,0.0433220629507738,"negative correlation","lipidomics"
"HR","lipid_66",0.146153926944868,-0.214284645605681,25,0.16447744194937,0.0380862698282507,0.981419842463738,0.0433220629507738,"negative correlation","lipidomics"
"HR","lipid_601",-0.0725725073788741,-0.214421265958419,-55,0.491779710732279,0.0379606876422224,0.981419842463738,0.0432934274958433,"negative correlation","lipidomics"
"HR","lipid_532",0.0110898318541227,-0.214517953757749,-45,0.916440256669601,0.0389361514148759,0.992663990733325,0.0439992773314623,"negative correlation","lipidomics"
"HR","lipid_736",0.000933854884284884,-0.21520925392446,-55,0.992950978954389,0.0372431066853309,0.994562912361782,0.042646703000247,"negative correlation","lipidomics"
"HR","lipid_229",0.143561787328521,-0.215304081099948,-35,0.172173657788633,0.0439522915963002,0.981419842463738,0.0473921664598794,"negative correlation","lipidomics"
"HR","lipid_507",-0.0316212467714979,-0.21562448655451,-55,0.764765889379846,0.03686956725619,0.992663990733325,0.0424412742482635,"negative correlation","lipidomics"
"HR","lipid_602",-0.0318264213520197,-0.215910116094978,-55,0.763284267132167,0.0366144436452434,0.992663990733325,0.0423054526762456,"negative correlation","lipidomics"
"HR","lipid_2",0.170750588525563,0.215958950299014,5,0.103659740235166,0.0409220504314048,0.981419842463738,0.0452489338999584,"positive correlation","lipidomics"
"HR","lipid_262",0.211268971890992,0.216107577635717,5,0.0432182850980557,0.040779981424044,0.896784889708549,0.0451840248620267,"positive correlation","lipidomics"
"HR","lipid_735",-0.131584618748748,-0.216274885561152,-50,0.211188747387967,0.0362907848553059,0.981419842463738,0.0420955218621967,"negative correlation","lipidomics"
"HR","lipid_529",0.00813299616884258,-0.216288609016596,-55,0.938668389963274,0.0362786550419437,0.992663990733325,0.0420955218621967,"negative correlation","lipidomics"
"HR","metabolicPanel_2",-0.0289811638058397,-0.283821140440364,-25,0.785085237485296,0.00809145282103853,0.916050686831021,0.0350629622245003,"negative correlation","metabolic_panel"
"HR","metabolicPanel_10",-0.020699770303147,0.295975389217561,50,0.845585249382481,0.00439243519605126,0.916050686831021,0.0285508287743332,"positive correlation","metabolic_panel"
"HR","metabolicPanel_1",0.0347364319906903,0.316706665084308,50,0.743756852452786,0.0022239843614308,0.916050686831021,0.0285508287743332,"positive correlation","metabolic_panel"
"HR","RPLC_POS_10.54_329.2446m/z",0.13429123009469,0.207012819848221,45,0.928645367320326,0.0103170256495402,0.997122606689353,0.0393365659024235,"positive correlation","metabolomics"
"HR","RPLC_POS_9.40_300.1699n",0.192912574537261,0.239434636073455,45,0.0669396485534789,0.0215207852486262,0.711306019700925,0.0499710547094796,"positive correlation","metabolomics"
"HR","HILIC_POS_10.81_290.1598m/z",-0.10472863944423,-0.240248663671691,-55,0.323173740974989,0.0203612569456195,0.793245405402188,0.0490569144026583,"negative correlation","metabolomics"
"HR","HILIC_NEG_3.05_112.0498m/z",-0.0380719022270664,-0.240256336217982,25,0.720124691087328,0.0203571246624536,0.939482907851683,0.0490569144026583,"negative correlation","metabolomics"
"HR","HILIC_POS_11.52_308.0911m/z",-0.174001646749145,-0.241262135011276,-55,0.0990384341519383,0.0198216125102299,0.711306019700925,0.0487674593505657,"negative correlation","metabolomics"
"HR","HILIC_POS_16.40_143.0947n",-0.175303439746035,-0.241670313855093,-55,0.0964990806034217,0.0196077636520434,0.711306019700925,0.0484979260542562,"negative correlation","metabolomics"
"HR","HILIC_POS_5.82_543.3324n",-0.0997564318440819,-0.243302587608775,10,0.346802162872394,0.0208469070419262,0.793245405402188,0.049312458785958,"negative correlation","metabolomics"
"HR","HILIC_NEG_1.52_111.0200m/z",-0.0898174237075206,0.244756994887016,-15,0.397177790257686,0.0200723138953585,0.816563181072314,0.0488671516300613,"positive correlation","metabolomics"
"HR","HILIC_NEG_1.20_125.0356m/z",-0.0980805313905568,0.246194714928893,-20,0.355003761439679,0.0207666431988555,0.793245405402188,0.049312458785958,"positive correlation","metabolomics"
"HR","HILIC_POS_7.66_212.1030m/z",0.0279503395033514,-0.246805315795185,30,0.026032445626112,0.0147219262975744,0.711306019700925,0.0427157270922423,"negative correlation","metabolomics"
"HR","HILIC_NEG_15.18_173.1043m/z",0.154454186730391,-0.24747575655564,-25,0.143790894305133,0.021603279640334,0.711306019700925,0.0499710547094796,"negative correlation","metabolomics"
"HR","HILIC_NEG_7.38_116.0698m/z",0.0133524582757953,0.24905361348169,-40,0.900033436311399,0.0179265482383959,0.985170508396429,0.0445767108601824,"positive correlation","metabolomics"
"HR","HILIC_NEG_4.13_180.0336m/z",0.0559718494943982,0.250743698918066,35,0.598214609849598,0.0153403038385513,0.928818709600579,0.0429039325493282,"positive correlation","metabolomics"
"HR","HILIC_POS_8.80_166.0864m/z",-0.0531582259052996,-0.251831069156127,-15,0.616764465151084,0.0166471410616044,0.931688694009541,0.0432851605215996,"negative correlation","metabolomics"
"HR","HILIC_POS_6.48_209.1020m/z",-0.106991082261322,0.252577229398955,-30,0.312772388211286,0.0175899867364124,0.793245405402188,0.043974966841031,"positive correlation","metabolomics"
"HR","RPLC_POS_9.65_248.1772n",0.162630932719217,0.254141013689657,45,0.123504975700856,0.0145018536224072,0.711306019700925,0.0426795059140466,"positive correlation","metabolomics"
"HR","RPLC_POS_11.16_302.2452m/z",0.147995123821165,0.254261438010885,-40,0.161516439472343,0.0155930421523365,0.72345062889092,0.0429039325493282,"positive correlation","metabolomics"
"HR","HILIC_NEG_4.43_267.0703m/z",0.0316669709369179,-0.254624458711922,45,0.765716577777294,0.0143096201309443,0.939482907851683,0.04238199592923,"negative correlation","metabolomics"
"HR","RPLC_POS_9.01_265.1793m/z",0.118866123489936,0.255112175404946,-55,0.26176911681049,0.0135900451110636,0.773160317933351,0.0415220855241166,"positive correlation","metabolomics"
"HR","HILIC_POS_11.78_241.1296m/z",-0.0987038700636439,0.255648368184936,-40,0.351939287056612,0.0150177651747571,0.793245405402188,0.0429039325493282,"positive correlation","metabolomics"
"HR","RPLC_NEG_10.64_299.2595m/z",0.140599758477722,0.255827815533682,45,0.183746068760545,0.0138406951747055,0.72345062889092,0.0415220855241166,"positive correlation","metabolomics"
"HR","HILIC_NEG_2.20_115.0037m/z",0.139428008765952,0.25612981484081,-10,0.187463306262326,0.0137251273904306,0.72345062889092,0.0415220855241166,"positive correlation","metabolomics"
"HR","RPLC_POS_13.14_358.3082n",0.160141063329855,0.257059091650329,-35,0.129434743977743,0.016236867820505,0.711306019700925,0.0429291201282442,"positive correlation","metabolomics"
"HR","HILIC_POS_8.09_246.1085m/z",0.133788371634485,0.257183810214195,-5,0.206119002768081,0.0133283291776973,0.727204905773571,0.0415220855241166,"positive correlation","metabolomics"
"HR","RPLC_POS_11.68_330.2769n",0.204189217082805,0.258577163945712,45,0.0522072401602628,0.0128190974016591,0.711306019700925,0.0415220855241166,"positive correlation","metabolomics"
"HR","RPLC_POS_11.73_264.2451n",0.16133647538409,0.259027326906084,55,0.126561235077636,0.0136925515282989,0.711306019700925,0.0415220855241166,"positive correlation","metabolomics"
"HR","HILIC_POS_1.15_206.1388m/z",-0.0713849517239757,0.259311369782682,-15,0.501320177485515,0.0135859250867134,0.879675028417979,0.0415220855241166,"positive correlation","metabolomics"
"HR","HILIC_POS_6.30_158.1176m/z",-0.04424591395873,-0.259558122828089,-55,0.677081916804405,0.0119895183859993,0.939482907851683,0.0409935738933065,"negative correlation","metabolomics"
"HR","RPLC_POS_6.85_214.1205n",-0.0333082082595346,0.259594989387531,-50,0.753950467475946,0.011976965003209,0.939482907851683,0.0409935738933065,"positive correlation","metabolomics"
"HR","HILIC_NEG_15.98_145.0982m/z",0.015330998597864,-0.260329029749568,-25,0.885314790776512,0.0154880009619597,0.98485975528966,0.0429039325493282,"negative correlation","metabolomics"
"HR","HILIC_POS_8.29_141.0659m/z",-0.202850680962244,-0.260749291938351,55,0.0538026771300042,0.0130571365220447,0.711306019700925,0.0415220855241166,"negative correlation","metabolomics"
"HR","HILIC_POS_6.26_266.1387m/z",-0.0943473441479955,-0.261765967158991,-55,0.373701629909986,0.0112576451798391,0.801574283731134,0.0408117656404339,"negative correlation","metabolomics"
"HR","HILIC_POS_10.43_170.0892m/z",-0.0440375792541671,-0.261977935726578,-5,0.678518498215318,0.0116466965617507,0.939482907851683,0.0408117656404339,"negative correlation","metabolomics"
"HR","HILIC_POS_11.75_506.9958n",-0.0469963871319475,0.262437358429284,-25,0.658225791349718,0.0146433540429335,0.939482907851683,0.0427157270922423,"positive correlation","metabolomics"
"HR","RPLC_POS_7.38_362.2087n",-0.0351631839276326,0.262769037540489,-40,0.740719465232847,0.0123446371606901,0.939482907851683,0.0411253223057637,"positive correlation","metabolomics"
"HR","RPLC_NEG_10.70_225.1863m/z",-0.0201952394827829,0.263974962196315,-20,0.849304043631397,0.0129497741392351,0.964827102463503,0.0415220855241166,"positive correlation","metabolomics"
"HR","HILIC_POS_1.58_127.0503m/z",-0.179051115000931,0.264223098730189,-20,0.0894738342530179,0.012861904682552,0.711306019700925,0.0415220855241166,"positive correlation","metabolomics"
"HR","RPLC_POS_13.81_86.0963m/z",-0.126196773826614,-0.264831331415083,-35,0.233272624768971,0.0131793404189649,0.768784186473471,0.0415220855241166,"negative correlation","metabolomics"
"HR","RPLC_POS_10.71_285.2422m/z",0.265919448943718,0.265919448943718,0,0.0108438769406136,0.0108438769406136,0.711306019700925,0.0401998245063141,"positive correlation","metabolomics"
"HR","HILIC_POS_7.79_186.1087m/z",0.059778814797593,0.267220173206716,10,0.573520557016993,0.0108928556726787,0.913609471762216,0.0401998245063141,"positive correlation","metabolomics"
"HR","HILIC_NEG_11.31_243.0275m/z",0.088881603034582,0.267589973682639,30,0.402134374074798,0.00912325570545608,0.816563181072314,0.0372132798512024,"positive correlation","metabolomics"
"HR","HILIC_POS_6.16_258.1699m/z",-0.0663633241732143,-0.267609813187492,-35,0.531968494342135,0.0122147285259785,0.902719599165357,0.0411253223057637,"negative correlation","metabolomics"
"HR","RPLC_POS_4.42_215.1253m/z",0.0126029539550004,0.268248719860116,45,0.905618220408817,0.00972829949324346,0.985170508396429,0.0382652431799244,"positive correlation","metabolomics"
"HR","RPLC_POS_3.24_181.0719m/z",0.183038634876179,0.269735144160891,-35,0.0824500748120622,0.0115189241663518,0.711306019700925,0.0408117656404339,"positive correlation","metabolomics"
"HR","HILIC_POS_11.75_348.0704m/z",-0.000598968880370263,0.270802011203072,-25,0.995504094626118,0.0116730426455435,0.999715538691044,0.0408117656404339,"positive correlation","metabolomics"
"HR","RPLC_NEG_12.93_269.2489m/z",0.178100453167834,0.271552914001459,-20,0.0912163713598633,0.0104897509073129,0.711306019700925,0.0393365659024235,"positive correlation","metabolomics"
"HR","RPLC_POS_9.31_276.1723n",0.0784639085334581,0.271884265431684,45,0.459729884831369,0.00874794118991026,0.866247689251088,0.0362278790915893,"positive correlation","metabolomics"
"HR","HILIC_POS_7.66_145.0740n",0.0183106928774904,-0.273505846175546,-35,0.863223189149705,0.0103691768326332,0.974268890666536,0.0393365659024235,"negative correlation","metabolomics"
"HR","HILIC_POS_5.10_431.3034n",-0.0381120903959681,-0.273643042846845,-55,0.719841498779733,0.00795227808110426,0.939482907851683,0.0355004550709541,"negative correlation","metabolomics"
"HR","HILIC_POS_14.84_272.1717m/z",-0.164805523007125,0.275013839912421,-15,0.118498602582659,0.00870745579527596,0.711306019700925,0.0362278790915893,"positive correlation","metabolomics"
"HR","protein_193",-0.180662434438843,-0.216619535962117,35,0.0848212966817635,0.0359871846460238,0.49024266538084,0.0481091836846845,"negative correlation","proteomics"
"HR","protein_200",-0.0314966311654861,-0.219257430038166,-10,0.765666186811303,0.0347197644579003,0.876032484009328,0.0479283705016668,"negative correlation","proteomics"
"HR","protein_11",0.219613808113281,0.219613808113281,0,0.035429722765647,0.035429722765647,0.37496456593643,0.0481091836846845,"positive correlation","proteomics"
"HR","protein_281",-0.183107294068818,-0.219922097764276,-50,0.0806210930325155,0.0331844903376874,0.49024266538084,0.0476526578176992,"negative correlation","proteomics"
"HR","protein_285",0.0270675355818928,0.220362327150113,45,0.797858281979738,0.0337939649171769,0.896834618523036,0.0476870393831274,"positive correlation","proteomics"
"HR","protein_2",-0.192986831709073,-0.220705620359944,-50,0.0653110549705346,0.0325472251993261,0.487911998897523,0.0476526578176992,"negative correlation","proteomics"
"HR","protein_132",-0.181472027418798,-0.221432542224318,5,0.0834115858825132,0.0359544864739259,0.49024266538084,0.0481091836846845,"negative correlation","proteomics"
"HR","protein_42",0.0450451453467824,-0.221863957032623,10,0.669840436857411,0.0345487943551755,0.849459882809678,0.0479283705016668,"negative correlation","proteomics"
"HR","protein_81",0.00630196838643418,-0.222046593692371,50,0.952457909534833,0.0333943822501987,0.968873188965117,0.0476526578176992,"negative correlation","proteomics"
"HR","protein_82",0.00982097843131376,0.222842409826539,-45,0.925972055407996,0.0317912632524351,0.968873188965117,0.047499887447756,"positive correlation","proteomics"
"HR","protein_92",-0.10761431226198,-0.223028572114006,-55,0.307227863420019,0.0307181748831179,0.684525239549867,0.0470876282652186,"negative correlation","proteomics"
"HR","protein_69",0.0672997345316243,0.223671388765717,45,0.523855396866912,0.0311445730258139,0.759292436917081,0.0470876282652186,"positive correlation","proteomics"
"HR","protein_4",-0.113045310704347,0.223933861201276,25,0.283311057106543,0.0300292633484721,0.679211794078103,0.0470876282652186,"positive correlation","proteomics"
"HR","protein_266",-0.158516311249827,-0.223966818196054,35,0.131246067897233,0.0300044319930822,0.49024266538084,0.0470876282652186,"negative correlation","proteomics"
"HR","protein_223",-0.0839544846955366,-0.224722121311648,-45,0.426230195256357,0.0303408768537496,0.743588502098291,0.0470876282652186,"negative correlation","proteomics"
"HR","protein_259",0.109255303239845,0.22509969967477,5,0.29986672973402,0.0329173825094659,0.684525239549867,0.0476526578176992,"positive correlation","proteomics"
"HR","protein_63",-0.0229699435379499,-0.226426093657858,55,0.827946302636839,0.0309105834359881,0.914340699433726,0.0470876282652186,"negative correlation","proteomics"
"HR","protein_129",-0.126449012670084,0.226580168574167,30,0.229711864996314,0.0272445999720344,0.607779309469413,0.0455271604795838,"positive correlation","proteomics"
"HR","protein_247",0.0836404850082437,0.227842762634813,-15,0.427968505679274,0.0298488241474647,0.743588502098291,0.0470876282652186,"positive correlation","proteomics"
"HR","protein_150",-0.0521571524301615,0.228678678874149,40,0.621468582561569,0.0266284762116898,0.822151145680409,0.0455271604795838,"positive correlation","proteomics"
"HR","protein_273",0.099740929600076,0.229160770979416,20,0.344167680266598,0.0271364143115104,0.704988635384806,0.0455271604795838,"positive correlation","proteomics"
"HR","protein_220",-0.230414755074909,-0.230414755074909,0,0.0271283219379759,0.0271283219379759,0.344529688612293,0.0455271604795838,"negative correlation","proteomics"
"HR","protein_205",0.0136360144746875,0.230627700251696,-50,0.897349925801361,0.0253295103362743,0.968873188965117,0.0455271604795838,"positive correlation","proteomics"
"HR","protein_257",-0.144782400000394,0.230843013485571,15,0.168517223190499,0.0268364897065458,0.509563984409365,0.0455271604795838,"positive correlation","proteomics"
"HR","protein_183",-0.153574397025162,-0.230971381242386,35,0.143856530599962,0.0251061434026425,0.49377782124852,0.0455271604795838,"negative correlation","proteomics"
"HR","protein_284",-0.159014238404301,-0.231115740252199,35,0.130023766037034,0.0250128222623824,0.49024266538084,0.0455271604795838,"negative correlation","proteomics"
"HR","protein_47",0.0679133042697369,0.231423498710101,-50,0.520069418467094,0.0248148570480913,0.759292436917081,0.0455271604795838,"positive correlation","proteomics"
"HR","protein_139",-0.231676651695244,-0.231676651695244,0,0.0262760541754308,0.0262760541754308,0.344529688612293,0.0455271604795838,"negative correlation","proteomics"
"HR","protein_134",-0.127202585313226,-0.233464652848699,-30,0.226924985048026,0.0276731098977752,0.607779309469413,0.0456426617794474,"negative correlation","proteomics"
"HR","protein_201",0.0767068774460687,0.233581184939988,15,0.467373807595113,0.0250328861378539,0.743588502098291,0.0455271604795838,"positive correlation","proteomics"
"HR","protein_243",-0.0420378633900338,-0.234521079955022,-30,0.690721600746358,0.0269569988409021,0.851666439755218,0.0455271604795838,"negative correlation","proteomics"
"HR","protein_291",0.164699708163688,0.23555730837347,5,0.11667607455204,0.0254169811329976,0.49024266538084,0.0455271604795838,"positive correlation","proteomics"
"HR","protein_137",-0.236325719903261,-0.236325719903261,0,0.0233296825937297,0.0233296825937297,0.344529688612293,0.0455271604795838,"negative correlation","proteomics"
"HR","protein_149",-0.0930556272346183,-0.237013865086685,40,0.377630265627841,0.0214445070333211,0.743588502098291,0.0455271604795838,"negative correlation","proteomics"
"HR","protein_43",0.0270521192595345,0.237871914825478,20,0.797970959788213,0.0216764568857527,0.896834618523036,0.0455271604795838,"positive correlation","proteomics"
"HR","protein_252",0.0245484439377122,-0.23813237711124,25,0.816323634218627,0.0208194613919253,0.909413171454085,0.0455271604795838,"negative correlation","proteomics"
"HR","protein_233",-0.224196969846236,-0.238822420787234,-50,0.0316780831910427,0.0204416946735295,0.365737869569311,0.0455271604795838,"negative correlation","proteomics"
"HR","protein_225",0.043254714521076,0.238829988060259,5,0.682243370445568,0.0233913649891302,0.849459882809678,0.0455271604795838,"positive correlation","proteomics"
"HR","protein_9",0.0361262045543066,-0.239280985112625,-45,0.732437968893922,0.020888230962687,0.875258164376331,0.0455271604795838,"negative correlation","proteomics"
"HR","protein_215",-0.0669331650772715,0.239289729197448,-55,0.526123893296875,0.0201892176964118,0.759292436917081,0.0455271604795838,"positive correlation","proteomics"
"HR","protein_12",0.00845230643026865,0.240786187291035,-15,0.936265391183946,0.0214970446036615,0.968873188965117,0.0455271604795838,"positive correlation","proteomics"
"HR","protein_5",-0.17310104369474,0.240831312781582,-20,0.0989208816318513,0.0229989442561436,0.49024266538084,0.0455271604795838,"positive correlation","proteomics"
"HR","protein_194",0.0820660401379268,0.241892929101083,-50,0.436745623888378,0.0188311976688919,0.743588502098291,0.0455271604795838,"positive correlation","proteomics"
"HR","protein_48",0.0506703279031666,0.244482754597686,5,0.631457834916197,0.0202164516384778,0.826754072519144,0.0455271604795838,"positive correlation","proteomics"
"HR","protein_8",-0.113256993548728,0.245901408094278,-10,0.282404687203983,0.0175052860162315,0.679211794078103,0.045370843348192,"positive correlation","proteomics"
"HR","protein_70",0.163854770946615,0.246584558449881,10,0.118589894518868,0.0184601240018907,0.49024266538084,0.0455271604795838,"positive correlation","proteomics"
"HR","protein_136",-0.0685138802009351,-0.24867112817222,-30,0.516377099104318,0.0187817477821166,0.759292436917081,0.0455271604795838,"negative correlation","proteomics"
"HR","protein_40",-0.113012762578028,-0.249077192441238,-10,0.283450591229445,0.0160576722024855,0.679211794078103,0.0430421782046445,"negative correlation","proteomics"
"HR","protein_217",-0.249941783732008,-0.249941783732008,0,0.0162679098726215,0.0162679098726215,0.344337425637156,0.0430421782046445,"negative correlation","proteomics"
"HR","protein_130",0.0741318924551885,0.250881217419923,40,0.482496204151543,0.0147287377456194,0.743588502098291,0.0430421782046445,"positive correlation","proteomics"
"HR","total_protein_1",-0.138942255227829,0.297337674635229,-20,0.189020197722522,0.00490329006971677,0.189020197722522,0.00490329006971677,"positive correlation","total_protein"
"Step","cortisol_1",0.17291800930279,-0.304868307741565,25,0.0974146236997683,0.00296485184753357,0.0974146236997683,0.00296485184753357,"negative correlation","cortisol"
"Step","cytokine_12",-0.104921107430478,-0.27662352146279,35,0.308983391208522,0.00636623442761439,0.749482476962593,0.0409257927489496,"negative correlation","cytokine"
"Step","cytokine_24",-0.183443179978535,-0.288245709065322,-25,0.07360858304259,0.0044004084349482,0.46893124110321,0.0330030632621115,"negative correlation","cytokine"
"Step","cytokine_26",-0.224523549178058,-0.290706234652255,-25,0.0278626460741851,0.00406149446710756,0.46893124110321,0.0330030632621115,"negative correlation","cytokine"
"Step","cytokine_13",-0.0752892163356482,-0.290712193462178,35,0.465969202004886,0.00406070281564552,0.807195782150975,0.0330030632621115,"negative correlation","cytokine"
"Step","cytokine_4",-0.132421659719817,-0.300237118678688,50,0.198394873381957,0.00295803871413654,0.652649019640806,0.0330030632621115,"negative correlation","cytokine"
"Step","cytokine_27",-0.212141382893003,0.316304870995953,-20,0.0379860551158938,0.0016919789829422,0.46893124110321,0.0330030632621115,"positive correlation","cytokine"
"Step","cytokine_38",0.0752201109406187,-0.409115541555576,25,0.466379785242786,3.49382673272396e-05,0.807195782150975,0.00157222202972578,"negative correlation","cytokine"
"Step","lipid_373",-0.138929621565781,-0.200253095099863,-50,0.174733067872015,0.0492217378942758,0.982827984898539,0.0492217378942758,"negative correlation","lipidomics"
"Step","lipid_239",0.0179425249507185,-0.200848347164632,40,0.861522390983747,0.048537301542133,0.986264031635743,0.0486091022840593,"negative correlation","lipidomics"
"Step","lipid_57",0.0325872312663549,0.201782114841185,-5,0.751341840871767,0.0474794904143225,0.982827984898539,0.0476201703859205,"positive correlation","lipidomics"
"Step","lipid_380",-0.114078631144366,0.201942260208646,-35,0.265873506798869,0.047300001566579,0.982827984898539,0.047510535698181,"positive correlation","lipidomics"
"Step","lipid_85",0.0286416385752554,-0.202055746453706,5,0.780638024444532,0.0471731479164592,0.982827984898539,0.0474535232383996,"negative correlation","lipidomics"
"Step","lipid_241",0.100364325715657,-0.202212648656974,-55,0.328008935201616,0.0469982283038157,0.982827984898539,0.0473479175025048,"negative correlation","lipidomics"
"Step","lipid_808",-0.13240633677083,-0.202498379122326,35,0.196064208645761,0.0466810661412171,0.982827984898539,0.0470984825299612,"negative correlation","lipidomics"
"Step","lipid_7",-0.0974193636509735,-0.20275205393994,-25,0.342472295224372,0.0464009732852802,0.982827984898539,0.0468857595733354,"negative correlation","lipidomics"
"Step","lipid_321",0.0864161047475165,-0.203095151231914,55,0.399988066563785,0.0460243616902245,0.982827984898539,0.0465747277493004,"negative correlation","lipidomics"
"Step","lipid_97",-0.0525207149114729,-0.203399126153514,25,0.609409736419441,0.0456928139586719,0.982827984898539,0.0463084357036241,"negative correlation","lipidomics"
"Step","lipid_388",-0.0489879634658833,-0.20342737295348,-50,0.633713149620603,0.045662105777557,0.982827984898539,0.0463084357036241,"negative correlation","lipidomics"
"Step","lipid_294",0.0283991653473231,-0.203718969468032,25,0.782448903268315,0.0453460989752115,0.982827984898539,0.0460950585678952,"negative correlation","lipidomics"
"Step","lipid_240",0.0571844307574185,-0.204647807950228,-35,0.577967677842485,0.0443515742677634,0.982827984898539,0.0451519034274824,"negative correlation","lipidomics"
"Step","lipid_250",-0.0402291237538192,-0.204749454865339,25,0.695625001802489,0.0442438471385241,0.982827984898539,0.0451100670373205,"negative correlation","lipidomics"
"Step","lipid_446",-0.106448705318455,-0.205131257594285,55,0.299382223135625,0.0438411455107467,0.982827984898539,0.0447669012228892,"negative correlation","lipidomics"
"Step","lipid_616",-0.11129675745342,-0.20526606656652,-55,0.277783564801437,0.0436996869902993,0.982827984898539,0.0446898611668166,"negative correlation","lipidomics"
"Step","lipid_123",-0.00419265245734776,0.205535375339396,-50,0.967489058141985,0.0434182300773279,0.999809956467505,0.0444692008507579,"positive correlation","lipidomics"
"Step","lipid_358",-0.116482560974207,-0.205860038539257,-55,0.255864199853824,0.0430809269927956,0.982827984898539,0.0441905872335192,"negative correlation","lipidomics"
"Step","lipid_510",-0.0452713863556373,-0.205977482364903,-50,0.659707388410631,0.0429594488404838,0.982827984898539,0.0441328480500873,"negative correlation","lipidomics"
"Step","lipid_454",-0.0749172039454302,0.2060746410655,10,0.465812382146639,0.0428591681155565,0.982827984898539,0.0440967428787717,"positive correlation","lipidomics"
"Step","lipid_3",-0.149329903832988,-0.206273737093718,-35,0.144327991657264,0.0426542828277154,0.982827984898539,0.0439527389259715,"negative correlation","lipidomics"
"Step","lipid_506",-0.0128784139320834,-0.206388628990816,-50,0.900366354014757,0.0425364214523382,0.997446376187973,0.04389810567566,"negative correlation","lipidomics"
"Step","lipid_444",-0.0159860500148397,0.206527056839779,10,0.876495583590678,0.0423947759555371,0.987598102277374,0.0438187226288529,"positive correlation","lipidomics"
"Step","lipid_208",0.0142141713994301,-0.206919566119756,-15,0.890093820778636,0.0419952765698274,0.991107757676211,0.0434721746754941,"negative correlation","lipidomics"
"Step","lipid_701",-0.0948744952011369,-0.206984290116366,-45,0.355288812237864,0.0419297019965539,0.982827984898539,0.0434707630193982,"negative correlation","lipidomics"
"Step","lipid_181",0.196794432869866,-0.207207152339622,-5,0.0533580077453159,0.0417045630250327,0.982827984898539,0.0433036643680171,"negative correlation","lipidomics"
"Step","lipid_776",-0.154853902025724,-0.207333889904567,35,0.129895447351289,0.0415769805369428,0.982827984898539,0.0432375051052385,"negative correlation","lipidomics"
"Step","lipid_596",-0.175364300523347,-0.20748609560534,30,0.0857803977125979,0.0414241900849278,0.982827984898539,0.0431448872115325,"negative correlation","lipidomics"
"Step","lipid_78",-0.0251749544051337,-0.207503289898369,-45,0.806635248920862,0.0414069591877999,0.982827984898539,0.0431448872115325,"negative correlation","lipidomics"
"Step","lipid_261",-0.0577611812855766,-0.207623246100044,-25,0.574132101448659,0.0412869137435665,0.982827984898539,0.0431346305623372,"negative correlation","lipidomics"
"Step","lipid_65",-0.0432187088592918,0.207907827715858,-20,0.674241936117635,0.0410032804516086,0.982827984898539,0.0429045144756399,"positive correlation","lipidomics"
"Step","lipid_178",0.138946901526908,-0.208437213394149,50,0.174678923311448,0.0404799806724756,0.982827984898539,0.0424225184446842,"negative correlation","lipidomics"
"Step","lipid_304",0.153473148439484,0.208796323320684,10,0.133395130781664,0.0401281805522853,0.982827984898539,0.0421190360215459,"positive correlation","lipidomics"
"Step","lipid_275",0.209117076927159,0.209117076927159,0,0.0398161172070334,0.0398161172070334,0.982827984898539,0.041856384082549,"positive correlation","lipidomics"
"Step","lipid_229",0.0480106722901943,-0.209248236198149,-50,0.640507127547309,0.0396890965081566,0.982827984898539,0.0417877423577325,"negative correlation","lipidomics"
"Step","lipid_512",-0.0398637977535058,0.20925868941937,10,0.698254826404287,0.0396789877027853,0.982827984898539,0.0417877423577325,"positive correlation","lipidomics"
"Step","lipid_216",0.125051852322228,0.209270366760507,-5,0.222294728574473,0.0396676976530127,0.982827984898539,0.0417877423577325,"positive correlation","lipidomics"
"Step","lipid_218",0.0417170629418777,-0.209313357623061,-50,0.684951429446945,0.0396261557459497,0.982827984898539,0.0417877423577325,"negative correlation","lipidomics"
"Step","lipid_114",-0.00969041284110234,0.209521071656103,-55,0.924946748219755,0.0394259540228591,0.999809956467505,0.0417705334483187,"positive correlation","lipidomics"
"Step","lipid_31",0.0823852440861364,-0.209613004137084,-50,0.422410153699021,0.0393376165690093,0.982827984898539,0.041742267111629,"negative correlation","lipidomics"
"Step","lipid_93",-0.0758647581667949,-0.209834009699747,-45,0.460174028582117,0.0391259298906733,0.982827984898539,0.0415828171679526,"negative correlation","lipidomics"
"Step","lipid_430",-0.127838849225233,0.210023678016172,10,0.212078009715187,0.0389450189973267,0.982827984898539,0.0414556255679091,"positive correlation","lipidomics"
"Step","lipid_389",-0.0416606834540978,0.2100391045198,-35,0.685354751509168,0.038930335570716,0.982827984898539,0.0414556255679091,"positive correlation","lipidomics"
"Step","lipid_29",0.0663762238688522,-0.210149711602603,-50,0.518299946429843,0.0388251917918369,0.982827984898539,0.0414556255679091,"negative correlation","lipidomics"
"Step","lipid_17",0.0320941864612442,-0.210380923860346,-50,0.754984444409669,0.0386061667267914,0.982827984898539,0.0412896917441355,"negative correlation","lipidomics"
"Step","lipid_106",0.076665122765014,-0.210410626207767,50,0.455440944489607,0.0385781050322999,0.982827984898539,0.0412896917441355,"negative correlation","lipidomics"
"Step","lipid_286",0.0201513838414349,-0.211079752879307,-50,0.844676602469151,0.0379504450828593,0.983160015950058,0.0407170385437333,"negative correlation","lipidomics"
"Step","lipid_391",-0.051378197776755,0.211103993226633,10,0.617225043454755,0.0379278683279758,0.982827984898539,0.0407170385437333,"positive correlation","lipidomics"
"Step","lipid_311",0.0473566107074399,-0.211124763396919,-50,0.645070727001803,0.0379085325389665,0.982827984898539,0.0407170385437333,"negative correlation","lipidomics"
"Step","lipid_177",0.0974027391803308,-0.211223100462534,-5,0.342555063935131,0.0378170985707954,0.982827984898539,0.0407170385437333,"negative correlation","lipidomics"
"Step","HILIC_POS_8.12_198.0875m/z",-0.157623989965516,-0.200561218067717,-30,0.636577700272012,0.0187198707745857,0.933236786572529,0.0375140267506579,"negative correlation","metabolomics"
"Step","HILIC_NEG_7.79_173.0567m/z",-0.0187492545831557,-0.201452729855253,25,0.222109781979213,0.0106895508960367,0.902796571897465,0.0285620275264472,"negative correlation","metabolomics"
"Step","HILIC_POS_7.25_138.0550m/z",0.141817213587216,-0.207542151653846,25,0.168112410109737,0.042458156569175,0.881233214165608,0.0499798812760685,"negative correlation","metabolomics"
"Step","HILIC_POS_11.69_277.1395m/z",-0.104399061739293,-0.207670213719235,-5,0.311410121172475,0.0423279525943161,0.91130959958167,0.0499430281778729,"negative correlation","metabolomics"
"Step","HILIC_NEG_4.89_178.0509m/z",-0.0311807725680946,0.20804282757094,-35,0.762972816711261,0.0419509955200915,0.95171929502726,0.0497306402292165,"positive correlation","metabolomics"
"Step","HILIC_NEG_6.31_130.0873m/z",0.0475977100152362,-0.208248654668572,25,0.645148419678543,0.0417439706031777,0.941028205763547,0.0496016591873053,"negative correlation","metabolomics"
"Step","HILIC_NEG_1.78_197.0680m/z",-0.0175689927506019,-0.208352713072563,-30,0.00724044472170047,0.00724044472170047,0.877497708038687,0.0248260165402602,"negative correlation","metabolomics"
"Step","HILIC_NEG_3.47_135.0312m/z",-0.0877639259100395,0.208532470378601,-55,0.395166471044405,0.0414598994842402,0.91130959958167,0.0493803048102389,"positive correlation","metabolomics"
"Step","HILIC_NEG_7.38_116.0698m/z",-0.151150073660124,0.208615465984241,-35,0.141555679113139,0.0413771342065408,0.877497708038687,0.0493803048102389,"positive correlation","metabolomics"
"Step","RPLC_NEG_1.49_203.0827m/z",-0.0157342416342213,-0.209066721086231,-55,0.87906595565853,0.0409295370908326,0.97083696174993,0.0491868897077456,"negative correlation","metabolomics"
"Step","HILIC_NEG_3.43_190.0510m/z",-0.0441762694013112,-0.209360749900517,-15,0.301349240098647,0.016463537978275,0.91130959958167,0.0358365805130554,"negative correlation","metabolomics"
"Step","HILIC_POS_7.19_276.1740m/z",0.0433640279879755,-0.209366220206192,-30,0.674842942058436,0.0406347002212665,0.949284762541634,0.0490489435240363,"negative correlation","metabolomics"
"Step","RPLC_POS_10.17_468.3080m/z",-0.112737317384298,-0.210515172466286,-55,0.274123107272362,0.0395200158869495,0.902796571897465,0.0482989780804708,"negative correlation","metabolomics"
"Step","HILIC_NEG_9.75_132.0535n",0.114010327439822,-0.211550923377443,-30,0.268706431563498,0.0385371565188705,0.902796571897465,0.0473510074015319,"negative correlation","metabolomics"
"Step","HILIC_POS_8.76_125.0148n",0.129349043328535,0.21192966328643,-5,0.209101834745096,0.0381828989125836,0.902796571897465,0.0471451441341191,"positive correlation","metabolomics"
"Step","HILIC_NEG_3.72_244.0694n",-0.091088965752046,0.212112107097606,50,0.37743534688638,0.0380132232439556,0.91130959958167,0.0470775308077239,"positive correlation","metabolomics"
"Step","RPLC_POS_4.90_315.0746m/z",-0.0619237332889784,0.212572789642208,-50,0.548936842609245,0.0375875870439608,0.91130959958167,0.0469525020955229,"positive correlation","metabolomics"
"Step","RPLC_NEG_11.82_465.3048m/z",-0.112877115553874,0.212590447800107,-40,0.273524701983521,0.0375713519535288,0.902796571897465,0.0469525020955229,"positive correlation","metabolomics"
"Step","RPLC_NEG_0.52_108.0218m/z",-0.19203606848803,-0.213013752716835,-30,0.060875337592685,0.037183914865301,0.877497708038687,0.0467111368332761,"negative correlation","metabolomics"
"Step","HILIC_NEG_9.25_110.0247m/z",0.190646646260206,0.213129485378868,-50,0.0628031201024743,0.0370785730191008,0.877497708038687,0.0466949610340297,"positive correlation","metabolomics"
"Step","HILIC_POS_7.05_244.1114m/z",-0.0317200041827512,-0.213144547820917,-25,0.45832986085263,0.0103476575434084,0.91130959958167,0.0279442088739103,"negative correlation","metabolomics"
"Step","HILIC_NEG_10.97_96.9587m/z",0.0814298433824137,0.213191949585887,25,0.430283926442846,0.0370218209915573,0.91130959958167,0.0466949610340297,"positive correlation","metabolomics"
"Step","HILIC_NEG_0.91_256.2402n",-0.00358497349492003,-0.21335482837428,-20,0.972346548590505,0.0368741792242106,0.984791038524011,0.0466703270882867,"negative correlation","metabolomics"
"Step","HILIC_POS_9.20_76.0757m/z",0.111395170107873,0.213378159023728,-5,0.279912938827241,0.0368530715685777,0.902796571897465,0.0466703270882867,"positive correlation","metabolomics"
"Step","HILIC_POS_9.84_102.0914m/z",0.00857166901445227,0.21352493652409,-40,0.933942018258235,0.0367205114338016,0.981509864581641,0.0466703270882867,"positive correlation","metabolomics"
"Step","HILIC_POS_4.31_162.0761m/z",-0.055475826510845,-0.213712969616457,-55,0.591375838617146,0.036551275996011,0.927489536327579,0.0466703270882867,"negative correlation","metabolomics"
"Step","HILIC_NEG_2.21_160.0404m/z",-0.0717907013123917,0.214010520468378,-50,0.487001560141533,0.0362848075313153,0.91130959958167,0.0466703270882867,"positive correlation","metabolomics"
"Step","HILIC_POS_6.70_232.1543m/z",0.202655335890939,-0.21438894440558,-25,0.0476814571737399,0.0359482692739291,0.877497708038687,0.0466703270882867,"negative correlation","metabolomics"
"Step","HILIC_POS_8.89_127.0503m/z",0.160871941084812,0.214798404487868,5,0.117398738599056,0.0355870837250549,0.877497708038687,0.0465959736956862,"positive correlation","metabolomics"
"Step","HILIC_NEG_10.31_146.0432m/z",-0.0366301702502585,-0.215380388014216,5,0.723100259476579,0.0350789602010194,0.95171929502726,0.0464957346496451,"negative correlation","metabolomics"
"Step","HILIC_POS_1.09_109.0529n",0.0603493806644025,-0.215806212131988,25,0.559161263044994,0.0347110502440069,0.91130959958167,0.046129158876904,"negative correlation","metabolomics"
"Step","HILIC_POS_0.92_114.0915m/z",0.0621482700234724,0.215824037975469,-15,0.54748605078204,0.0346957197829298,0.91130959958167,0.046129158876904,"positive correlation","metabolomics"
"Step","HILIC_POS_3.96_150.1125m/z",0.216295651763116,0.216295651763116,0,0.03429218750313,0.03429218750313,0.877497708038687,0.0460573263007465,"positive correlation","metabolomics"
"Step","RPLC_POS_0.52_99.0441m/z",-0.0647014244708613,0.217310136875805,-55,0.531121912198129,0.0334375125100003,0.91130959958167,0.0451495823998667,"positive correlation","metabolomics"
"Step","HILIC_POS_18.01_189.1559m/z",0.00705610676953206,0.217413960017907,10,0.945602034168889,0.0333510647655217,0.981509864581641,0.0451495823998667,"positive correlation","metabolomics"
"Step","HILIC_NEG_7.72_145.0374n",0.130984423925358,-0.217635667127591,30,0.76980552116755,0.0279746669981528,0.95171929502726,0.0431385533724436,"negative correlation","metabolomics"
"Step","HILIC_POS_11.24_276.1442m/z",-0.0774613508230713,-0.218436146754462,-55,0.453164836977699,0.0325099471533001,0.91130959958167,0.0444919330959798,"negative correlation","metabolomics"
"Step","HILIC_NEG_0.91_227.2017m/z",-0.00763423455555335,0.218489801277935,55,0.941152706273513,0.0324662953208233,0.981509864581641,0.0444919330959798,"positive correlation","metabolomics"
"Step","HILIC_NEG_11.01_346.0557m/z",0.032610379250282,-0.218593596138801,15,0.752447664384325,0.0323819909114558,0.95171929502726,0.0444919330959798,"negative correlation","metabolomics"
"Step","HILIC_POS_7.01_211.0879n",-0.149963430858893,0.218704578894652,-45,0.826570625297507,0.0280187039725971,0.964266989494812,0.0431385533724436,"positive correlation","metabolomics"
"Step","HILIC_POS_7.79_186.1087m/z",0.189681868242529,0.218724686506103,-5,0.0641707136058984,0.0322757802742861,0.877497708038687,0.0444919330959798,"positive correlation","metabolomics"
"Step","HILIC_POS_0.91_570.3232n",0.0293583958014828,-0.218782065752684,-50,0.77645217732917,0.032229383567166,0.95171929502726,0.0444919330959798,"negative correlation","metabolomics"
"Step","HILIC_NEG_0.91_465.3042m/z",-0.117506090987179,0.219093688670717,-25,0.254205781680255,0.0319783869560965,0.902796571897465,0.0444919330959798,"positive correlation","metabolomics"
"Step","HILIC_POS_11.52_308.0911m/z",-0.0505890842880153,-0.219097246839762,-55,0.624494579727747,0.0319755305765575,0.9309179753967,0.0444919330959798,"negative correlation","metabolomics"
"Step","RPLC_NEG_10.19_291.1968m/z",-0.127896376106298,0.219470746149328,-20,0.180674390142328,6.90104827090581e-11,0.881233214165608,3.48502937680743e-08,"positive correlation","metabolomics"
"Step","RPLC_POS_3.24_181.0719m/z",0.219472406056404,0.219472406056404,0,0.0316755702793857,0.0316755702793857,0.877497708038687,0.0444919330959798,"positive correlation","metabolomics"
"Step","HILIC_NEG_11.00_347.0398m/z",0.0261547119284123,0.219738147509447,-50,0.800307514260993,0.0314645349405124,0.959988823519719,0.0444919330959798,"positive correlation","metabolomics"
"Step","HILIC_NEG_6.43_235.0724m/z",0.13414246303738,-0.220135290268935,-35,0.192573705230325,0.0311513614523597,0.899404156271197,0.0444390890775187,"negative correlation","metabolomics"
"Step","RPLC_POS_4.42_215.1253m/z",-0.0283601279722988,-0.220685969700323,-30,0.783864411640245,0.0307214720913901,0.953818625578466,0.0439499813205439,"negative correlation","metabolomics"
"Step","RPLC_NEG_10.65_295.2281m/z",-0.0285449169520681,-0.221033715174,-50,0.28872212493386,0.00107360585892079,0.91130959958167,0.00669346862660495,"negative correlation","metabolomics"
"Step","protein_116",-0.0169558001949853,-0.200025451562538,-50,0.86906816431158,0.0494855863578633,0.965048869443084,0.0494855863578633,"negative correlation","proteomics"
"Step","protein_176",-0.00843324446563721,-0.200144872849569,40,0.934660598873868,0.0493470268284435,0.975766881457568,0.0494855863578633,"negative correlation","proteomics"
"Step","protein_13",0.0572910564426127,0.200182172890769,20,0.577257689562398,0.0493038148556141,0.885682665974548,0.0494855863578633,"positive correlation","proteomics"
"Step","protein_219",-0.0368300698447918,-0.200196525763077,-40,0.720228582688088,0.0492871954275175,0.886225023146366,0.0494855863578633,"negative correlation","proteomics"
"Step","protein_52",-0.129912610488842,-0.200299623707586,15,0.204695698886625,0.0491679525126196,0.725689422243571,0.0494855863578633,"negative correlation","proteomics"
"Step","protein_56",-0.0343285822839619,-0.20040793137292,-45,0.738520852621972,0.0490429407451868,0.886225023146366,0.0494855863578633,"negative correlation","proteomics"
"Step","protein_95",-0.0617708509638018,0.201225387826601,20,0.547800019859283,0.048107853081306,0.885682665974548,0.0494855863578633,"positive correlation","proteomics"
"Step","protein_61",-0.180694523925138,-0.201652483476687,-10,0.0765317289642049,0.0476251919488399,0.479155172645457,0.0494855863578633,"negative correlation","proteomics"
"Step","protein_71",0.0744698819665118,0.201687554535044,-40,0.468487204108062,0.0475857367426376,0.885682665974548,0.0494855863578633,"positive correlation","proteomics"
"Step","protein_73",-0.0632624286965386,0.201789211354057,-40,0.538156839093569,0.047471524819067,0.885682665974548,0.0494855863578633,"positive correlation","proteomics"
"Step","protein_102",0.113306242960233,0.20334801826127,-25,0.26914508317138,0.045748418828896,0.783063441499096,0.04916247993553,"positive correlation","proteomics"
"Step","protein_171",-0.0474114461909463,-0.20475330296249,40,0.644687613337389,0.044239773132904,0.885682665974548,0.0478987017378811,"negative correlation","proteomics"
"Step","protein_154",0.0373665489574912,-0.205094248960789,-50,0.716325582157441,0.0438800461198985,0.886225023146366,0.0478691412217074,"negative correlation","proteomics"
"Step","protein_222",-0.105929587862757,-0.205203832229324,-45,0.301758587028252,0.0437649438713737,0.804689565408673,0.0478691412217074,"negative correlation","proteomics"
"Step","protein_27",-0.0678597077846882,-0.20533297866849,10,0.508972545480993,0.0436296153926512,0.885682665974548,0.0478691412217074,"negative correlation","proteomics"
"Step","protein_46",-0.132361579862484,-0.205768041151362,-15,0.19621677497002,0.0431762840246601,0.725689422243571,0.0478691412217074,"negative correlation","proteomics"
"Step","protein_161",-0.0350154744103912,0.206489041014546,50,0.73348288711457,0.0424336362671098,0.886225023146366,0.0477378408004985,"positive correlation","proteomics"
"Step","protein_213",0.153501528961983,-0.207415971376231,-45,0.13332248140676,0.0414945254909671,0.6326972937828,0.0470489107929076,"negative correlation","proteomics"
"Step","protein_134",-0.0366770900615057,-0.208229243066476,10,0.721342864548486,0.040684891737757,0.886225023146366,0.0464970191288651,"negative correlation","proteomics"
"Step","protein_233",-0.159702566592312,-0.208767825304964,55,0.118159800795737,0.0401560049408161,0.622904188176759,0.0462597176918201,"negative correlation","proteomics"
"Step","protein_281",-0.00312114117315792,-0.209602573746623,-15,0.975794901967941,0.0393476307538983,0.975794901967941,0.0456940228109787,"negative correlation","proteomics"
"Step","protein_158",-0.0434263372445729,0.209999698442573,-15,0.672766202978895,0.0389678526933725,0.886225023146366,0.0456209007141922,"positive correlation","proteomics"
"Step","protein_108",0.150715360735086,0.210519151491831,-50,0.1405993986184,0.0384757192892338,0.6326972937828,0.0454139637512268,"positive correlation","proteomics"
"Step","protein_226",-0.0484112046954437,0.210723897875507,10,0.63771905930407,0.0382831747540981,0.885682665974548,0.0454139637512268,"positive correlation","proteomics"
"Step","protein_204",-0.0987571855379261,-0.210883414599084,5,0.335852922973759,0.0381337236852394,0.818791576382006,0.0454139637512268,"negative correlation","proteomics"
"Step","protein_15",-0.0107306347029644,0.211219121940028,50,0.916917448408421,0.0378207942209532,0.970853768903035,0.0454139637512268,"positive correlation","proteomics"
"Step","protein_253",0.152057837244045,-0.211405494897109,-25,0.137056462431896,0.0376479966659303,0.6326972937828,0.0454139637512268,"negative correlation","proteomics"
"Step","protein_177",0.212207468024534,0.212207468024534,0,0.0369119631511755,0.0369119631511755,0.337839540958008,0.0454139637512268,"positive correlation","proteomics"
"Step","protein_74",0.187458538457961,0.212447442959755,-10,0.0659660875800161,0.0366940778785214,0.431778027796469,0.0454139637512268,"positive correlation","proteomics"
"Step","protein_174",-0.0782106759217611,-0.213659094816076,50,0.446377850075682,0.0356103564801505,0.875823047330758,0.0445903594186233,"negative correlation","proteomics"
"Step","protein_159",-0.0917880056352027,-0.214248760374763,-15,0.371227023519928,0.0350927479355905,0.822462815798617,0.0443276816028511,"negative correlation","proteomics"
"Step","protein_268",-0.00399889754406172,-0.215143942423936,-45,0.968990722558557,0.0343190461729012,0.975766881457568,0.0437340057424582,"negative correlation","proteomics"
"Step","protein_149",0.088334810905911,-0.215327869026336,20,0.389567333518852,0.0341618685900878,0.837279045174846,0.0437340057424582,"negative correlation","proteomics"
"Step","protein_98",0.0785228351051704,-0.216267533618799,50,0.444559698855517,0.0333682795139347,0.875823047330758,0.0432885788288883,"negative correlation","proteomics"
"Step","protein_49",-0.203764012681813,0.216883924120957,15,0.0452974472098583,0.0328561861047055,0.371409677448001,0.043011734537069,"positive correlation","proteomics"
"Step","protein_246",-0.0766620253086482,-0.21691098830661,-55,0.45545920965865,0.0328338539458211,0.875823047330758,0.043011734537069,"negative correlation","proteomics"
"Step","protein_146",0.067633160039119,0.217072003043121,-55,0.510391342301255,0.032701255989078,0.885682665974548,0.043011734537069,"positive correlation","proteomics"
"Step","protein_70",0.0794185496352968,0.217303001989227,45,0.439365816519554,0.032511813337066,0.875823047330758,0.043011734537069,"positive correlation","proteomics"
"Step","protein_125",-0.00638103175581181,-0.217489143280802,-25,0.95053752043257,0.032359832373398,0.975766881457568,0.043011734537069,"negative correlation","proteomics"
"Step","protein_241",-0.0166740895863547,-0.21780102378063,10,0.871224673802784,0.0321065303026069,0.965048869443084,0.043011734537069,"negative correlation","proteomics"
"Step","protein_184",0.00475747166431312,-0.218666522628688,15,0.963112189637414,0.0314123363922442,0.975766881457568,0.043011734537069,"negative correlation","proteomics"
"Step","protein_221",-0.119238412139738,0.218965720023875,20,0.244710334846385,0.031175324373114,0.749750813146372,0.043011734537069,"positive correlation","proteomics"
"Step","protein_82",-0.00530956898392528,0.219384759136391,-40,0.95883496099836,0.0308459185883079,0.975766881457568,0.043011734537069,"positive correlation","proteomics"
"Step","protein_59",-0.099394281545855,-0.219965617420485,55,0.332729337758455,0.0303941739596157,0.818791576382006,0.043011734537069,"negative correlation","proteomics"
"Step","protein_87",-0.197703920555631,-0.221271377234153,-15,0.0522435939545533,0.0293990429697863,0.371409677448001,0.0423346218764923,"negative correlation","proteomics"
"Step","protein_41",0.0143922818483637,0.221275214827112,20,0.888725410109571,0.0293961594588602,0.970853768903035,0.0423346218764923,"positive correlation","proteomics"
"Step","protein_117",0.0485957984886466,0.221330801294958,-40,0.636435812315839,0.0293544194477148,0.885682665974548,0.0423346218764923,"positive correlation","proteomics"
"Step","protein_86",-0.105996434494297,-0.221349961656168,35,0.30145189203145,0.0293400435204556,0.804689565408673,0.0423346218764923,"negative correlation","proteomics"
"Step","protein_223",-0.222116729288017,-0.222116729288017,0,0.0287696137452983,0.0287696137452983,0.337839540958008,0.0423346218764923,"negative correlation","proteomics"
"Step","protein_199",-0.22225619261278,-0.22225619261278,0,0.0286668778744261,0.0286668778744261,0.337839540958008,0.0423346218764923,"negative correlation","proteomics"
"Step","total_protein_1",-0.112815812555769,0.241336104215026,-20,0.273787000865227,0.0178481802519515,0.273787000865227,0.0178481802519515,"positive correlation","total_protein"
