"ONTOLOGY","ID","Description","GeneRatio","BgRatio","pvalue","p.adjust","qvalue","geneID","Count"
"MF","GO:0019199","transmembrane receptor protein kinase activity","14/114","86/20696",3.39062912007973e-17,7.45938406417541e-15,4.5684266038969e-15,"ENSG00000204580/ENSG00000037280/ENSG00000165731/ENSG00000141736/ENSG00000118257/ENSG00000139567/ENSG00000243364/ENSG00000134853/ENSG00000106123/ENSG00000196411/ENSG00000146648/ENSG00000142627/ENSG00000140443/ENSG00000163513",14
"MF","GO:0019838","growth factor binding","16/114","143/20696",8.29429170137104e-17,9.12372087150814e-15,5.58773335671312e-15,"ENSG00000037280/ENSG00000140564/ENSG00000065361/ENSG00000141736/ENSG00000115594/ENSG00000118257/ENSG00000139567/ENSG00000134853/ENSG00000142871/ENSG00000146648/ENSG00000142627/ENSG00000108821/ENSG00000113594/ENSG00000127578/ENSG00000140443/ENSG00000163513",16
"MF","GO:0004714","transmembrane receptor protein tyrosine kinase activity","12/114","69/20696",2.92075510638169e-15,2.14188707801324e-13,1.31177773198897e-13,"ENSG00000204580/ENSG00000037280/ENSG00000165731/ENSG00000141736/ENSG00000118257/ENSG00000243364/ENSG00000134853/ENSG00000106123/ENSG00000196411/ENSG00000146648/ENSG00000142627/ENSG00000140443",12
"BP","GO:0042060","wound healing","23/112","495/20772",1.84891195348597e-15,4.94953729948195e-12,3.26576237678891e-12,"ENSG00000204580/ENSG00000115884/ENSG00000065361/ENSG00000141736/ENSG00000006327/ENSG00000104415/ENSG00000139567/ENSG00000122861/ENSG00000166311/ENSG00000112715/ENSG00000136244/ENSG00000104368/ENSG00000134853/ENSG00000142871/ENSG00000106366/ENSG00000110799/ENSG00000112562/ENSG00000003436/ENSG00000110080/ENSG00000108821/ENSG00000181104/ENSG00000105329/ENSG00000163513",23
"MF","GO:0004713","protein tyrosine kinase activity","12/114","151/20696",4.26656039778024e-11,2.34660821877913e-09,1.43715718662071e-09,"ENSG00000204580/ENSG00000037280/ENSG00000165731/ENSG00000141736/ENSG00000118257/ENSG00000243364/ENSG00000134853/ENSG00000106123/ENSG00000196411/ENSG00000146648/ENSG00000142627/ENSG00000140443",12
"MF","GO:0019955","cytokine binding","11/114","144/20696",4.38932904246071e-10,1.93130477868271e-08,1.18280866828415e-08,"ENSG00000198223/ENSG00000115594/ENSG00000118257/ENSG00000139567/ENSG00000027697/ENSG00000067182/ENSG00000113594/ENSG00000137496/ENSG00000127578/ENSG00000115604/ENSG00000163513",11
"MF","GO:0005125","cytokine activity","14/114","286/20696",6.12644471045703e-10,2.24636306050091e-08,1.37576302269912e-08,"ENSG00000030582/ENSG00000130513/ENSG00000275152/ENSG00000112715/ENSG00000275718/ENSG00000164761/ENSG00000136244/ENSG00000118785/ENSG00000161921/ENSG00000151882/ENSG00000108342/ENSG00000105329/ENSG00000184371/ENSG00000131142",14
"MF","GO:0050840","extracellular matrix binding","8/114","56/20696",7.5328611801767e-10,2.36747065662696e-08,1.44993418204905e-08,"ENSG00000124466/ENSG00000112715/ENSG00000142871/ENSG00000118785/ENSG00000112562/ENSG00000163131/ENSG00000131981/ENSG00000100097",8
"BP","GO:1903034","regulation of response to wounding","13/112","183/20772",1.99394280427018e-11,2.66889244351564e-08,1.76096632924493e-08,"ENSG00000030582/ENSG00000006327/ENSG00000104415/ENSG00000122861/ENSG00000104368/ENSG00000134853/ENSG00000106366/ENSG00000118785/ENSG00000112562/ENSG00000003436/ENSG00000110080/ENSG00000181104/ENSG00000140443",13
"MF","GO:0008083","growth factor activity","11/114","162/20696",1.54376164354487e-09,4.24534451974838e-08,2.60001961018083e-08,"ENSG00000030582/ENSG00000130513/ENSG00000019991/ENSG00000112715/ENSG00000136244/ENSG00000108342/ENSG00000105329/ENSG00000134259/ENSG00000184371/ENSG00000105550/ENSG00000118972",11
"BP","GO:0018108","peptidyl-tyrosine phosphorylation","17/112","410/20772",7.29961120559142e-11,5.26895790963878e-08,3.47651981690969e-08,"ENSG00000204580/ENSG00000037280/ENSG00000065361/ENSG00000165731/ENSG00000141736/ENSG00000019991/ENSG00000112715/ENSG00000067182/ENSG00000136244/ENSG00000134853/ENSG00000106123/ENSG00000196411/ENSG00000146648/ENSG00000142627/ENSG00000108342/ENSG00000105329/ENSG00000140443",17
"BP","GO:0018212","peptidyl-tyrosine modification","17/112","412/20772",7.87292926356186e-11,5.26895790963878e-08,3.47651981690969e-08,"ENSG00000204580/ENSG00000037280/ENSG00000065361/ENSG00000165731/ENSG00000141736/ENSG00000019991/ENSG00000112715/ENSG00000067182/ENSG00000136244/ENSG00000134853/ENSG00000106123/ENSG00000196411/ENSG00000146648/ENSG00000142627/ENSG00000108342/ENSG00000105329/ENSG00000140443",17
"MF","GO:0005126","cytokine receptor binding","14/114","323/20696",2.95163589833816e-09,7.2151099737155e-08,4.41882333318461e-08,"ENSG00000275152/ENSG00000112715/ENSG00000275718/ENSG00000136244/ENSG00000161921/ENSG00000151882/ENSG00000108342/ENSG00000113594/ENSG00000105329/ENSG00000134259/ENSG00000184371/ENSG00000186074/ENSG00000131142/ENSG00000163513",14
"BP","GO:1903036","positive regulation of response to wounding","9/112","80/20772",4.68253584487287e-10,2.50702969134494e-07,1.65416739951509e-07,"ENSG00000030582/ENSG00000104415/ENSG00000122861/ENSG00000104368/ENSG00000106366/ENSG00000112562/ENSG00000110080/ENSG00000181104/ENSG00000140443",9
"BP","GO:0006898","receptor-mediated endocytosis","14/112","291/20772",5.77283319407071e-10,2.57564574342121e-07,1.69944107011415e-07,"ENSG00000115884/ENSG00000110195/ENSG00000169174/ENSG00000038945/ENSG00000112715/ENSG00000130164/ENSG00000106366/ENSG00000088827/ENSG00000138760/ENSG00000161921/ENSG00000142798/ENSG00000198719/ENSG00000169218/ENSG00000163513",14
"BP","GO:0060326","cell chemotaxis","15/112","363/20772",1.0975035489776e-09,4.19716714373292e-07,2.7693397822322e-07,"ENSG00000275152/ENSG00000019991/ENSG00000112715/ENSG00000275718/ENSG00000136244/ENSG00000134853/ENSG00000106366/ENSG00000112562/ENSG00000161921/ENSG00000142627/ENSG00000151882/ENSG00000184371/ENSG00000106538/ENSG00000131981/ENSG00000131142",15
"BP","GO:0014065","phosphatidylinositol 3-kinase signaling","11/112","164/20772",1.39970595054822e-09,4.68376603702198e-07,3.09040340134199e-07,"ENSG00000204580/ENSG00000065361/ENSG00000141736/ENSG00000019991/ENSG00000134853/ENSG00000143536/ENSG00000146648/ENSG00000164050/ENSG00000108342/ENSG00000181104/ENSG00000140443",11
"BP","GO:0097191","extrinsic apoptotic signaling pathway","13/112","262/20772",1.70180413155251e-09,5.06192184462898e-07,3.33991500905862e-07,"ENSG00000065361/ENSG00000165731/ENSG00000006327/ENSG00000111321/ENSG00000019991/ENSG00000164342/ENSG00000067182/ENSG00000106366/ENSG00000026103/ENSG00000105329/ENSG00000134259/ENSG00000131981/ENSG00000139193",13
"BP","GO:0014066","regulation of phosphatidylinositol 3-kinase signaling","10/112","131/20772",2.30893445446605e-09,6.18101753460562e-07,4.0783073837832e-07,"ENSG00000204580/ENSG00000065361/ENSG00000019991/ENSG00000134853/ENSG00000143536/ENSG00000146648/ENSG00000164050/ENSG00000108342/ENSG00000181104/ENSG00000140443",10
"BP","GO:0050900","leukocyte migration","16/112","453/20772",2.81357390499508e-09,6.8472157669744e-07,4.51787273931268e-07,"ENSG00000091972/ENSG00000165731/ENSG00000115594/ENSG00000275152/ENSG00000112715/ENSG00000275718/ENSG00000136244/ENSG00000106366/ENSG00000161921/ENSG00000110080/ENSG00000151882/ENSG00000184371/ENSG00000106538/ENSG00000131981/ENSG00000154721/ENSG00000131142",16
"MF","GO:0038024","cargo receptor activity","8/114","91/20696",3.84198171063946e-08,8.45235976340682e-07,5.17656483117738e-07,"ENSG00000115884/ENSG00000110195/ENSG00000038945/ENSG00000130164/ENSG00000138760/ENSG00000177575/ENSG00000161921/ENSG00000168079",8
"BP","GO:0033674","positive regulation of kinase activity","16/112","484/20772",7.1986820637987e-09,1.46298770731404e-06,9.65296334417145e-07,"ENSG00000204580/ENSG00000037280/ENSG00000065361/ENSG00000165731/ENSG00000141736/ENSG00000164342/ENSG00000112715/ENSG00000134853/ENSG00000142871/ENSG00000196411/ENSG00000146648/ENSG00000142627/ENSG00000105329/ENSG00000184371/ENSG00000140443/ENSG00000163513",16
"BP","GO:0061041","regulation of wound healing","10/112","149/20772",8.06181413587181e-09,1.46298770731404e-06,9.65296334417145e-07,"ENSG00000006327/ENSG00000104415/ENSG00000122861/ENSG00000104368/ENSG00000134853/ENSG00000106366/ENSG00000112562/ENSG00000003436/ENSG00000110080/ENSG00000181104",10
"BP","GO:0052547","regulation of peptidase activity","16/112","488/20772",8.08473591067387e-09,1.46298770731404e-06,9.65296334417145e-07,"ENSG00000140564/ENSG00000030582/ENSG00000117984/ENSG00000019991/ENSG00000112715/ENSG00000142871/ENSG00000106366/ENSG00000003436/ENSG00000026103/ENSG00000101443/ENSG00000152377/ENSG00000163131/ENSG00000181104/ENSG00000127578/ENSG00000134259/ENSG00000139193",16
"BP","GO:0048015","phosphatidylinositol-mediated signaling","11/112","194/20772",8.19754038465097e-09,1.46298770731404e-06,9.65296334417145e-07,"ENSG00000204580/ENSG00000065361/ENSG00000141736/ENSG00000019991/ENSG00000134853/ENSG00000143536/ENSG00000146648/ENSG00000164050/ENSG00000108342/ENSG00000181104/ENSG00000140443",11
"BP","GO:0048017","inositol lipid-mediated signaling","11/112","198/20772",1.0138683715289e-08,1.62867732936531e-06,1.07462027748068e-06,"ENSG00000204580/ENSG00000065361/ENSG00000141736/ENSG00000019991/ENSG00000134853/ENSG00000143536/ENSG00000146648/ENSG00000164050/ENSG00000108342/ENSG00000181104/ENSG00000140443",11
"BP","GO:0071674","mononuclear cell migration","12/112","249/20772",1.0342739857755e-08,1.62867732936531e-06,1.07462027748068e-06,"ENSG00000091972/ENSG00000165731/ENSG00000275152/ENSG00000275718/ENSG00000136244/ENSG00000106366/ENSG00000161921/ENSG00000184371/ENSG00000106538/ENSG00000131981/ENSG00000154721/ENSG00000131142",12
"BP","GO:0070372","regulation of ERK1 and ERK2 cascade","14/112","367/20772",1.13318676904697e-08,1.68530054485486e-06,1.11198093477241e-06,"ENSG00000037280/ENSG00000141736/ENSG00000136235/ENSG00000275152/ENSG00000275718/ENSG00000134853/ENSG00000142871/ENSG00000146648/ENSG00000142627/ENSG00000181104/ENSG00000105329/ENSG00000105550/ENSG00000118972/ENSG00000131142",14
"CC","GO:0062023","collagen-containing extracellular matrix","15/114","446/21842",1.16506952281399e-08,1.77090567467726e-06,1.16506952281399e-06,"ENSG00000130513/ENSG00000117984/ENSG00000101160/ENSG00000142871/ENSG00000109861/ENSG00000106366/ENSG00000110799/ENSG00000112562/ENSG00000142798/ENSG00000108821/ENSG00000163131/ENSG00000105329/ENSG00000106538/ENSG00000131981/ENSG00000100097",15
"BP","GO:0007162","negative regulation of cell adhesion","14/112","379/20772",1.69907650951914e-08,2.39390937683302e-06,1.57952929804605e-06,"ENSG00000065361/ENSG00000141736/ENSG00000139567/ENSG00000136235/ENSG00000112715/ENSG00000106366/ENSG00000108821/ENSG00000152377/ENSG00000164050/ENSG00000151882/ENSG00000120217/ENSG00000105329/ENSG00000131981/ENSG00000131142",14
"BP","GO:0045765","regulation of angiogenesis","14/112","381/20772",1.81512276401365e-08,2.42954181963227e-06,1.60303999895521e-06,"ENSG00000030582/ENSG00000141736/ENSG00000139567/ENSG00000136235/ENSG00000019991/ENSG00000164342/ENSG00000112715/ENSG00000136244/ENSG00000106366/ENSG00000112562/ENSG00000142798/ENSG00000142627/ENSG00000198719/ENSG00000163513",14
"BP","GO:0002685","regulation of leukocyte migration","12/112","265/20772",2.06667838653356e-08,2.63452287654778e-06,1.73828888852296e-06,"ENSG00000091972/ENSG00000115594/ENSG00000112715/ENSG00000136244/ENSG00000106366/ENSG00000110080/ENSG00000151882/ENSG00000184371/ENSG00000106538/ENSG00000131981/ENSG00000154721/ENSG00000131142",12
"BP","GO:1901342","regulation of vasculature development","14/112","387/20772",2.20775438150933e-08,2.68643567240931e-06,1.77254155606347e-06,"ENSG00000030582/ENSG00000141736/ENSG00000139567/ENSG00000136235/ENSG00000019991/ENSG00000164342/ENSG00000112715/ENSG00000136244/ENSG00000106366/ENSG00000112562/ENSG00000142798/ENSG00000142627/ENSG00000198719/ENSG00000163513",14
"BP","GO:0032872","regulation of stress-activated MAPK cascade","11/112","215/20772",2.37845637410363e-08,2.76831639716323e-06,1.82656741224069e-06,"ENSG00000037280/ENSG00000111321/ENSG00000019991/ENSG00000164342/ENSG00000112715/ENSG00000131080/ENSG00000026103/ENSG00000146648/ENSG00000140443/ENSG00000127863/ENSG00000139193",11
"BP","GO:0070371","ERK1 and ERK2 cascade","14/112","393/20772",2.67597187790919e-08,2.93728515768177e-06,1.93805496906986e-06,"ENSG00000037280/ENSG00000141736/ENSG00000136235/ENSG00000275152/ENSG00000275718/ENSG00000134853/ENSG00000142871/ENSG00000146648/ENSG00000142627/ENSG00000181104/ENSG00000105329/ENSG00000105550/ENSG00000118972/ENSG00000131142",14
"BP","GO:0070302","regulation of stress-activated protein kinase signaling cascade","11/112","218/20772",2.74307541808159e-08,2.93728515768177e-06,1.93805496906986e-06,"ENSG00000037280/ENSG00000111321/ENSG00000019991/ENSG00000164342/ENSG00000112715/ENSG00000131080/ENSG00000026103/ENSG00000146648/ENSG00000140443/ENSG00000127863/ENSG00000139193",11
"BP","GO:0031589","cell-substrate adhesion","14/112","401/20772",3.44017990952424e-08,3.54206216069092e-06,2.33709388185493e-06,"ENSG00000204580/ENSG00000124466/ENSG00000139567/ENSG00000122861/ENSG00000112715/ENSG00000142871/ENSG00000106366/ENSG00000088827/ENSG00000110799/ENSG00000108821/ENSG00000152377/ENSG00000151882/ENSG00000184371/ENSG00000131142",14
"BP","GO:0090303","positive regulation of wound healing","7/112","65/20772",5.89777931519476e-08,5.84753897288014e-06,3.85827434342955e-06,"ENSG00000104415/ENSG00000122861/ENSG00000104368/ENSG00000106366/ENSG00000112562/ENSG00000110080/ENSG00000181104",7
"BP","GO:0010810","regulation of cell-substrate adhesion","11/112","239/20772",7.02539913284445e-08,6.71678338522307e-06,4.43181193417781e-06,"ENSG00000204580/ENSG00000139567/ENSG00000122861/ENSG00000112715/ENSG00000142871/ENSG00000106366/ENSG00000108821/ENSG00000152377/ENSG00000151882/ENSG00000184371/ENSG00000131142",11
"BP","GO:0014068","positive regulation of phosphatidylinositol 3-kinase signaling","8/112","101/20772",7.39391608857044e-08,6.82534943762175e-06,4.50344508044327e-06,"ENSG00000204580/ENSG00000065361/ENSG00000019991/ENSG00000134853/ENSG00000164050/ENSG00000108342/ENSG00000181104/ENSG00000140443",8
"BP","GO:0050729","positive regulation of inflammatory response","10/112","192/20772",9.00462897917302e-08,8.03513059241539e-06,5.30167278142187e-06,"ENSG00000030582/ENSG00000104415/ENSG00000164342/ENSG00000067182/ENSG00000136244/ENSG00000109861/ENSG00000130164/ENSG00000106366/ENSG00000170323/ENSG00000100097",10
"BP","GO:0034612","response to tumor necrosis factor","12/112","306/20772",1.00043300226508e-07,8.63922305504397e-06,5.70026002648832e-06,"ENSG00000275152/ENSG00000166311/ENSG00000275718/ENSG00000067182/ENSG00000131080/ENSG00000161921/ENSG00000026103/ENSG00000108821/ENSG00000170323/ENSG00000137496/ENSG00000131142/ENSG00000127863",12
"BP","GO:0030193","regulation of blood coagulation","7/112","71/20772",1.09709029016154e-07,9.17784595863267e-06,6.05564969372063e-06,"ENSG00000122861/ENSG00000104368/ENSG00000134853/ENSG00000106366/ENSG00000003436/ENSG00000110080/ENSG00000181104",7
"BP","GO:0046718","viral entry into host cell","10/112","199/20772",1.25912043825034e-07,1.0214137615746e-05,6.73940700282002e-06,"ENSG00000143217/ENSG00000140564/ENSG00000166311/ENSG00000073008/ENSG00000130164/ENSG00000088827/ENSG00000138760/ENSG00000146648/ENSG00000142627/ENSG00000100097",10
"BP","GO:1900046","regulation of hemostasis","7/112","73/20772",1.33228234824468e-07,1.04897642536794e-05,6.92126866982838e-06,"ENSG00000122861/ENSG00000104368/ENSG00000134853/ENSG00000106366/ENSG00000003436/ENSG00000110080/ENSG00000181104",7
"CC","GO:0005775","vacuolar lumen","10/114","209/21842",1.48638700318587e-07,1.12965412242126e-05,7.43193501592933e-06,"ENSG00000115884/ENSG00000030582/ENSG00000166311/ENSG00000117984/ENSG00000109861/ENSG00000138760/ENSG00000142798/ENSG00000108342/ENSG00000163131/ENSG00000104918",10
"MF","GO:0042056","chemoattractant activity","6/114","57/20696",7.06180710668101e-07,1.29466463622485e-05,7.92904657592253e-06,"ENSG00000136235/ENSG00000275152/ENSG00000019991/ENSG00000112715/ENSG00000275718/ENSG00000131981",6
"BP","GO:0044409","entry into host","10/112","206/20772",1.73794514549543e-07,1.31174717475192e-05,8.65506068943523e-06,"ENSG00000143217/ENSG00000140564/ENSG00000166311/ENSG00000073008/ENSG00000130164/ENSG00000088827/ENSG00000138760/ENSG00000146648/ENSG00000142627/ENSG00000100097",10
"BP","GO:0050818","regulation of coagulation","7/112","76/20772",1.76402309641648e-07,1.31174717475192e-05,8.65506068943523e-06,"ENSG00000122861/ENSG00000104368/ENSG00000134853/ENSG00000106366/ENSG00000003436/ENSG00000110080/ENSG00000181104",7
"MF","GO:0070851","growth factor receptor binding","8/114","139/20696",1.02260842534487e-06,1.60695609697051e-05,9.84164499580024e-06,"ENSG00000115594/ENSG00000112715/ENSG00000136244/ENSG00000134853/ENSG00000108342/ENSG00000105550/ENSG00000186074/ENSG00000118972",8
"BP","GO:0051403","stress-activated MAPK cascade","11/112","268/20772",2.23084973053044e-07,1.61404992665676e-05,1.06496894675109e-05,"ENSG00000037280/ENSG00000111321/ENSG00000019991/ENSG00000164342/ENSG00000112715/ENSG00000131080/ENSG00000026103/ENSG00000146648/ENSG00000140443/ENSG00000127863/ENSG00000139193",11
"BP","GO:0070374","positive regulation of ERK1 and ERK2 cascade","11/112","272/20772",2.58706201079389e-07,1.82251710602506e-05,1.20251802052968e-05,"ENSG00000037280/ENSG00000136235/ENSG00000275152/ENSG00000275718/ENSG00000134853/ENSG00000146648/ENSG00000181104/ENSG00000105329/ENSG00000105550/ENSG00000118972/ENSG00000131142",11
"BP","GO:0031098","stress-activated protein kinase signaling cascade","11/112","276/20772",2.99274964116817e-07,2.05425404856595e-05,1.35542075516334e-05,"ENSG00000037280/ENSG00000111321/ENSG00000019991/ENSG00000164342/ENSG00000112715/ENSG00000131080/ENSG00000026103/ENSG00000146648/ENSG00000140443/ENSG00000127863/ENSG00000139193",11
"BP","GO:0097529","myeloid leukocyte migration","11/112","278/20772",3.21595290880098e-07,2.15227648421506e-05,1.42009710025475e-05,"ENSG00000091972/ENSG00000115594/ENSG00000275152/ENSG00000112715/ENSG00000275718/ENSG00000136244/ENSG00000106366/ENSG00000184371/ENSG00000106538/ENSG00000131981/ENSG00000131142",11
"MF","GO:0005539","glycosaminoglycan binding","10/114","256/20696",1.55037646864346e-06,2.20793119213897e-05,1.35222580188415e-05,"ENSG00000140564/ENSG00000118257/ENSG00000104415/ENSG00000136235/ENSG00000204381/ENSG00000112715/ENSG00000275718/ENSG00000112562/ENSG00000169218/ENSG00000163513",10
"MF","GO:0061134","peptidase regulator activity","10/114","257/20696",1.60576813973743e-06,2.20793119213897e-05,1.35222580188415e-05,"ENSG00000140564/ENSG00000109861/ENSG00000106366/ENSG00000003436/ENSG00000101443/ENSG00000152377/ENSG00000163131/ENSG00000127578/ENSG00000134259/ENSG00000139193",10
"BP","GO:0002274","myeloid leukocyte activation","11/112","286/20772",4.26322337681552e-07,2.77732410646388e-05,1.83251080378523e-05,"ENSG00000091972/ENSG00000030582/ENSG00000027697/ENSG00000111321/ENSG00000164342/ENSG00000136244/ENSG00000109861/ENSG00000130164/ENSG00000184371/ENSG00000186074/ENSG00000163513",11
"CC","GO:0031983","vesicle lumen","12/114","380/21842",7.2531850103867e-07,2.84557057890225e-05,1.87208590717253e-05,"ENSG00000030582/ENSG00000117984/ENSG00000101160/ENSG00000019991/ENSG00000112715/ENSG00000109861/ENSG00000106366/ENSG00000110799/ENSG00000146648/ENSG00000105329/ENSG00000106538/ENSG00000104918",12
"BP","GO:0044000","movement in host","10/112","232/20772",5.20730755470258e-07,3.16817325544064e-05,2.09039762602654e-05,"ENSG00000143217/ENSG00000140564/ENSG00000166311/ENSG00000073008/ENSG00000130164/ENSG00000088827/ENSG00000138760/ENSG00000146648/ENSG00000142627/ENSG00000100097",10
"BP","GO:0048771","tissue remodeling","9/112","186/20772",7.58188660642995e-07,4.27553145235473e-05,2.82104546607602e-05,"ENSG00000037280/ENSG00000139567/ENSG00000136235/ENSG00000164761/ENSG00000136244/ENSG00000118785/ENSG00000142627/ENSG00000181104/ENSG00000105329",9
"BP","GO:0045861","negative regulation of proteolysis","12/112","370/20772",7.62194603061873e-07,4.27553145235473e-05,2.82104546607602e-05,"ENSG00000122861/ENSG00000101160/ENSG00000019991/ENSG00000112715/ENSG00000104368/ENSG00000106366/ENSG00000003436/ENSG00000101443/ENSG00000152377/ENSG00000127578/ENSG00000134259/ENSG00000139193",12
"BP","GO:0038084","vascular endothelial growth factor signaling pathway","6/112","59/20772",7.66624989589193e-07,4.27553145235473e-05,2.82104546607602e-05,"ENSG00000037280/ENSG00000118257/ENSG00000112715/ENSG00000134853/ENSG00000112562/ENSG00000198719",6
"BP","GO:0001952","regulation of cell-matrix adhesion","8/112","139/20772",8.69567349466724e-07,4.75067713167841e-05,3.13455212117113e-05,"ENSG00000204580/ENSG00000139567/ENSG00000122861/ENSG00000112715/ENSG00000106366/ENSG00000151882/ENSG00000184371/ENSG00000131142",8
"BP","GO:0022612","gland morphogenesis","8/112","141/20772",9.69074620089957e-07,5.18842551596163e-05,3.42338360528621e-05,"ENSG00000204580/ENSG00000019991/ENSG00000136244/ENSG00000146648/ENSG00000142627/ENSG00000105329/ENSG00000184371/ENSG00000163513",8
"BP","GO:0045766","positive regulation of angiogenesis","9/112","194/20772",1.07750018315714e-06,5.54705382752242e-05,3.66001074359853e-05,"ENSG00000030582/ENSG00000139567/ENSG00000019991/ENSG00000164342/ENSG00000112715/ENSG00000106366/ENSG00000112562/ENSG00000198719/ENSG00000163513",9
"BP","GO:1904018","positive regulation of vasculature development","9/112","194/20772",1.07750018315714e-06,5.54705382752242e-05,3.66001074359853e-05,"ENSG00000030582/ENSG00000139567/ENSG00000019991/ENSG00000164342/ENSG00000112715/ENSG00000106366/ENSG00000112562/ENSG00000198719/ENSG00000163513",9
"BP","GO:0150076","neuroinflammatory response","7/112","102/20772",1.32820670685494e-06,6.7086968948126e-05,4.42647637359005e-05,"ENSG00000091972/ENSG00000030582/ENSG00000027697/ENSG00000164342/ENSG00000136244/ENSG00000109861/ENSG00000130164",7
"BP","GO:0051701","biological process involved in interaction with host","10/112","260/20772",1.46658807061347e-06,7.27047456487458e-05,4.79714382551542e-05,"ENSG00000143217/ENSG00000140564/ENSG00000166311/ENSG00000073008/ENSG00000130164/ENSG00000088827/ENSG00000138760/ENSG00000146648/ENSG00000142627/ENSG00000100097",10
"CC","GO:0043202","lysosomal lumen","7/114","116/21842",2.5567912327699e-06,7.77264534762049e-05,5.11358246553979e-05,"ENSG00000115884/ENSG00000166311/ENSG00000117984/ENSG00000138760/ENSG00000142798/ENSG00000108342/ENSG00000163131",7
"CC","GO:0034774","secretory granule lumen","11/114","375/21842",4.37652883844744e-06,7.97350094464179e-05,5.24572430568539e-05,"ENSG00000030582/ENSG00000117984/ENSG00000101160/ENSG00000019991/ENSG00000112715/ENSG00000109861/ENSG00000106366/ENSG00000110799/ENSG00000105329/ENSG00000106538/ENSG00000104918",11
"CC","GO:0045121","membrane raft","11/114","375/21842",4.37652883844744e-06,7.97350094464179e-05,5.24572430568539e-05,"ENSG00000140564/ENSG00000165731/ENSG00000117984/ENSG00000067182/ENSG00000003436/ENSG00000026103/ENSG00000146648/ENSG00000198719/ENSG00000181104/ENSG00000140443/ENSG00000163513",11
"CC","GO:0098857","membrane microdomain","11/114","376/21842",4.48887155889886e-06,7.97350094464179e-05,5.24572430568539e-05,"ENSG00000140564/ENSG00000165731/ENSG00000117984/ENSG00000067182/ENSG00000003436/ENSG00000026103/ENSG00000146648/ENSG00000198719/ENSG00000181104/ENSG00000140443/ENSG00000163513",11
"CC","GO:0060205","cytoplasmic vesicle lumen","11/114","378/21842",4.72115187511685e-06,7.97350094464179e-05,5.24572430568539e-05,"ENSG00000030582/ENSG00000117984/ENSG00000101160/ENSG00000019991/ENSG00000112715/ENSG00000109861/ENSG00000106366/ENSG00000110799/ENSG00000105329/ENSG00000106538/ENSG00000104918",11
"BP","GO:0033135","regulation of peptidyl-serine phosphorylation","8/112","153/20772",1.79447442701237e-06,8.73419643838567e-05,5.76292457134308e-05,"ENSG00000165731/ENSG00000019991/ENSG00000112715/ENSG00000136244/ENSG00000146648/ENSG00000108342/ENSG00000105329/ENSG00000134259",8
"BP","GO:0007160","cell-matrix adhesion","10/112","274/20772",2.34843918407412e-06,0.000112263780281543,7.40729502044431e-05,"ENSG00000204580/ENSG00000124466/ENSG00000139567/ENSG00000122861/ENSG00000112715/ENSG00000106366/ENSG00000088827/ENSG00000151882/ENSG00000184371/ENSG00000131142",10
"BP","GO:0002573","myeloid leukocyte differentiation","10/112","276/20772",2.50612590195051e-06,0.000115572250799846,7.62559175990965e-05,"ENSG00000104415/ENSG00000111321/ENSG00000164342/ENSG00000112715/ENSG00000164761/ENSG00000142627/ENSG00000108342/ENSG00000105329/ENSG00000184371/ENSG00000163513",10
"BP","GO:0046328","regulation of JNK cascade","8/112","160/20772",2.50856934761553e-06,0.000115572250799846,7.62559175990965e-05,"ENSG00000037280/ENSG00000111321/ENSG00000164342/ENSG00000131080/ENSG00000146648/ENSG00000140443/ENSG00000127863/ENSG00000139193",8
"BP","GO:0071356","cellular response to tumor necrosis factor","10/112","277/20772",2.58836816284325e-06,0.000115572250799846,7.62559175990965e-05,"ENSG00000275152/ENSG00000275718/ENSG00000067182/ENSG00000131080/ENSG00000026103/ENSG00000108821/ENSG00000170323/ENSG00000137496/ENSG00000131142/ENSG00000127863",10
"BP","GO:0060485","mesenchyme development","11/112","344/20772",2.59033808292521e-06,0.000115572250799846,7.62559175990965e-05,"ENSG00000065361/ENSG00000110195/ENSG00000165731/ENSG00000118257/ENSG00000139567/ENSG00000162998/ENSG00000019991/ENSG00000136244/ENSG00000108821/ENSG00000105329/ENSG00000163513",11
"BP","GO:0001774","microglial cell activation","6/112","73/20772",2.72443040703525e-06,0.000119562298354645,7.88885974634192e-05,"ENSG00000030582/ENSG00000027697/ENSG00000164342/ENSG00000136244/ENSG00000109861/ENSG00000130164",6
"BP","GO:0030595","leukocyte chemotaxis","10/112","280/20772",2.84935285500475e-06,0.000123027703110447,8.11751118964001e-05,"ENSG00000275152/ENSG00000112715/ENSG00000275718/ENSG00000136244/ENSG00000106366/ENSG00000161921/ENSG00000184371/ENSG00000106538/ENSG00000131981/ENSG00000131142",10
"BP","GO:0033138","positive regulation of peptidyl-serine phosphorylation","7/112","116/20772",3.15236899861956e-06,0.000131568096725086,8.68101631066569e-05,"ENSG00000165731/ENSG00000112715/ENSG00000136244/ENSG00000146648/ENSG00000108342/ENSG00000105329/ENSG00000134259",7
"BP","GO:0071260","cellular response to mechanical stimulus","6/112","75/20772",3.19459330860314e-06,0.000131568096725086,8.68101631066569e-05,"ENSG00000111321/ENSG00000164342/ENSG00000067182/ENSG00000026103/ENSG00000108821/ENSG00000140443",6
"BP","GO:0002269","leukocyte activation involved in inflammatory response","6/112","76/20772",3.4532953942284e-06,0.000140067754096204,9.2418336068824e-05,"ENSG00000030582/ENSG00000027697/ENSG00000164342/ENSG00000136244/ENSG00000109861/ENSG00000130164",6
"MF","GO:0008201","heparin binding","8/114","192/20696",1.12759138109247e-05,0.000140704899290592,8.61733354506976e-05,"ENSG00000140564/ENSG00000118257/ENSG00000104415/ENSG00000136235/ENSG00000112715/ENSG00000275718/ENSG00000112562/ENSG00000169218",8
"MF","GO:0004866","endopeptidase inhibitor activity","8/114","196/20696",1.30983043478483e-05,0.000140704899290592,8.61733354506976e-05,"ENSG00000140564/ENSG00000106366/ENSG00000003436/ENSG00000101443/ENSG00000152377/ENSG00000127578/ENSG00000134259/ENSG00000139193",8
"MF","GO:0001618","virus receptor activity","6/114","94/20696",1.34309222050111e-05,0.000140704899290592,8.61733354506976e-05,"ENSG00000143217/ENSG00000073008/ENSG00000130164/ENSG00000138760/ENSG00000146648/ENSG00000142627",6
"MF","GO:0004896","cytokine receptor activity","6/114","94/20696",1.34309222050111e-05,0.000140704899290592,8.61733354506976e-05,"ENSG00000198223/ENSG00000115594/ENSG00000027697/ENSG00000113594/ENSG00000243646/ENSG00000115604",6
"MF","GO:0140272","exogenous protein binding","6/114","95/20696",1.42725477518658e-05,0.000142725477518658,8.74108187674076e-05,"ENSG00000143217/ENSG00000073008/ENSG00000130164/ENSG00000138760/ENSG00000146648/ENSG00000142627",6
"CC","GO:0005788","endoplasmic reticulum lumen","10/114","332/21842",9.67443804852257e-06,0.000147051458337543,9.67443804852257e-05,"ENSG00000169174/ENSG00000101160/ENSG00000136244/ENSG00000142871/ENSG00000109861/ENSG00000118785/ENSG00000108821/ENSG00000184371/ENSG00000118972/ENSG00000100097",10
"MF","GO:0004867","serine-type endopeptidase inhibitor activity","6/114","97/20696",1.60836668090328e-05,0.000153843769477705,9.42201076227094e-05,"ENSG00000140564/ENSG00000106366/ENSG00000003436/ENSG00000101443/ENSG00000152377/ENSG00000127578",6
"MF","GO:0030414","peptidase inhibitor activity","8/114","203/20696",1.68850473880655e-05,0.000154779601057267,9.47932484944026e-05,"ENSG00000140564/ENSG00000106366/ENSG00000003436/ENSG00000101443/ENSG00000152377/ENSG00000127578/ENSG00000134259/ENSG00000139193",8
"BP","GO:0007584","response to nutrient","8/112","172/20772",4.2950533141231e-06,0.000171609816744889,0.000113230156498014,"ENSG00000110195/ENSG00000164761/ENSG00000118785/ENSG00000108821/ENSG00000151882/ENSG00000118972/ENSG00000140443/ENSG00000163513",8
"BP","GO:0030198","extracellular matrix organization","11/112","364/20772",4.44919779361332e-06,0.000175154448433866,0.000115568945784569,"ENSG00000204580/ENSG00000140564/ENSG00000164761/ENSG00000067182/ENSG00000136244/ENSG00000134853/ENSG00000142871/ENSG00000112562/ENSG00000108821/ENSG00000163131/ENSG00000105329",11
"BP","GO:0043062","extracellular structure organization","11/112","365/20772",4.56692898888543e-06,0.000177183607293425,0.000116907808441644,"ENSG00000204580/ENSG00000140564/ENSG00000164761/ENSG00000067182/ENSG00000136244/ENSG00000134853/ENSG00000142871/ENSG00000112562/ENSG00000108821/ENSG00000163131/ENSG00000105329",11
"BP","GO:0045229","external encapsulating structure organization","11/112","368/20772",4.93663986616039e-06,0.000188791213167305,0.000124566642036348,"ENSG00000204580/ENSG00000140564/ENSG00000164761/ENSG00000067182/ENSG00000136244/ENSG00000134853/ENSG00000142871/ENSG00000112562/ENSG00000108821/ENSG00000163131/ENSG00000105329",11
"BP","GO:0061900","glial cell activation","6/112","81/20772",5.01567132588518e-06,0.000189112001963305,0.000124778302221428,"ENSG00000030582/ENSG00000027697/ENSG00000164342/ENSG00000136244/ENSG00000109861/ENSG00000130164",6
"MF","GO:0061135","endopeptidase regulator activity","8/114","212/20696",2.30702750911763e-05,0.000195210020002261,0.000119554462010954,"ENSG00000140564/ENSG00000106366/ENSG00000003436/ENSG00000101443/ENSG00000152377/ENSG00000127578/ENSG00000134259/ENSG00000139193",8
"BP","GO:0007411","axon guidance","9/112","236/20772",5.39039730463932e-06,0.000197672514856431,0.000130426628366039,"ENSG00000091129/ENSG00000165731/ENSG00000141736/ENSG00000118257/ENSG00000112715/ENSG00000243364/ENSG00000106123/ENSG00000164050/ENSG00000182168",9
"BP","GO:0097485","neuron projection guidance","9/112","236/20772",5.39039730463932e-06,0.000197672514856431,0.000130426628366039,"ENSG00000091129/ENSG00000165731/ENSG00000141736/ENSG00000118257/ENSG00000112715/ENSG00000243364/ENSG00000106123/ENSG00000164050/ENSG00000182168",9
"BP","GO:0002687","positive regulation of leukocyte migration","8/112","178/20772",5.53299266599453e-06,0.000199104349634191,0.000131371369634576,"ENSG00000115594/ENSG00000112715/ENSG00000136244/ENSG00000106366/ENSG00000184371/ENSG00000106538/ENSG00000131981/ENSG00000154721",8
"BP","GO:0009612","response to mechanical stimulus","9/112","237/20772",5.57819433043119e-06,0.000199104349634191,0.000131371369634576,"ENSG00000111321/ENSG00000164342/ENSG00000067182/ENSG00000026103/ENSG00000108821/ENSG00000184371/ENSG00000104918/ENSG00000140443/ENSG00000163513",9
"MF","GO:0008238","exopeptidase activity","6/114","107/20696",2.81319043104209e-05,0.00022103639101045,0.000135371569614055,"ENSG00000101160/ENSG00000109861/ENSG00000135678/ENSG00000122121/ENSG00000091704/ENSG00000153002",6
"BP","GO:0070997","neuron death","12/112","455/20772",6.44305803576699e-06,0.000223227693452905,0.00014728823294496,"ENSG00000091972/ENSG00000065361/ENSG00000030582/ENSG00000169174/ENSG00000136235/ENSG00000101160/ENSG00000026103/ENSG00000108342/ENSG00000181104/ENSG00000134259/ENSG00000184371/ENSG00000105550",12
"BP","GO:0007409","axonogenesis","12/112","456/20772",6.58759349375401e-06,0.000223227693452905,0.00014728823294496,"ENSG00000091129/ENSG00000165731/ENSG00000141736/ENSG00000118257/ENSG00000112715/ENSG00000243364/ENSG00000106123/ENSG00000118785/ENSG00000164050/ENSG00000182168/ENSG00000134259/ENSG00000140443",12
"BP","GO:0035924","cellular response to vascular endothelial growth factor stimulus","6/112","86/20772",7.10917126629722e-06,0.000237890643498471,0.000156963018221668,"ENSG00000037280/ENSG00000118257/ENSG00000112715/ENSG00000134853/ENSG00000112562/ENSG00000198719",6
"BP","GO:0060562","epithelial tube morphogenesis","11/112","387/20772",7.94652722625837e-06,0.000262138608561404,0.000172962108080937,"ENSG00000204580/ENSG00000110195/ENSG00000165731/ENSG00000139567/ENSG00000101160/ENSG00000112715/ENSG00000142627/ENSG00000198719/ENSG00000105329/ENSG00000184371/ENSG00000163513",11
"BP","GO:0001558","regulation of cell growth","12/112","469/20772",8.74340270256072e-06,0.000275786301865504,0.000181967015130966,"ENSG00000204580/ENSG00000091129/ENSG00000141736/ENSG00000139567/ENSG00000162998/ENSG00000112715/ENSG00000118785/ENSG00000161921/ENSG00000146648/ENSG00000152377/ENSG00000105329/ENSG00000134259",12
"BP","GO:0046777","protein autophosphorylation","9/112","251/20772",8.85977660083427e-06,0.000275786301865504,0.000181967015130966,"ENSG00000204580/ENSG00000037280/ENSG00000141736/ENSG00000136235/ENSG00000112715/ENSG00000134853/ENSG00000196411/ENSG00000146648/ENSG00000140443",9
"BP","GO:0050918","positive chemotaxis","6/112","90/20772",9.25151722993531e-06,0.000284670248557895,0.000187828746664627,"ENSG00000136235/ENSG00000275152/ENSG00000019991/ENSG00000112715/ENSG00000275718/ENSG00000131981",6
"MF","GO:1901681","sulfur compound binding","9/114","295/20696",3.76860445383792e-05,0.000285894130980808,0.000175093056294466,"ENSG00000140564/ENSG00000118257/ENSG00000104415/ENSG00000136235/ENSG00000105398/ENSG00000112715/ENSG00000275718/ENSG00000112562/ENSG00000169218",9
"BP","GO:0007596","blood coagulation","9/112","254/20772",9.745284540305e-06,0.000296455985390869,0.000195605113141529,"ENSG00000122861/ENSG00000136244/ENSG00000104368/ENSG00000134853/ENSG00000106366/ENSG00000110799/ENSG00000003436/ENSG00000110080/ENSG00000181104",9
"BP","GO:0034103","regulation of tissue remodeling","6/112","91/20772",9.86142441378008e-06,0.000296618350063925,0.000195712243244506,"ENSG00000037280/ENSG00000136235/ENSG00000164761/ENSG00000136244/ENSG00000118785/ENSG00000105329",6
"BP","GO:0042116","macrophage activation","7/112","139/20772",1.04203944665357e-05,0.000309948844299067,0.00020450785865318,"ENSG00000091972/ENSG00000030582/ENSG00000027697/ENSG00000164342/ENSG00000136244/ENSG00000109861/ENSG00000130164",7
"BP","GO:0010975","regulation of neuron projection development","12/112","480/20772",1.10281620464139e-05,0.000324421865914835,0.000214057326939069,"ENSG00000204580/ENSG00000091129/ENSG00000165731/ENSG00000030582/ENSG00000019991/ENSG00000112715/ENSG00000138760/ENSG00000118785/ENSG00000152377/ENSG00000164050/ENSG00000134259/ENSG00000140443",12
"BP","GO:0050817","coagulation","9/112","259/20772",1.13894624281466e-05,0.000330969139561891,0.000218377294373063,"ENSG00000122861/ENSG00000136244/ENSG00000104368/ENSG00000134853/ENSG00000106366/ENSG00000110799/ENSG00000003436/ENSG00000110080/ENSG00000181104",9
"BP","GO:0048732","gland development","12/112","483/20772",1.17356776068669e-05,0.000330969139561891,0.000218377294373063,"ENSG00000204580/ENSG00000169174/ENSG00000162998/ENSG00000019991/ENSG00000112715/ENSG00000136244/ENSG00000134853/ENSG00000146648/ENSG00000142627/ENSG00000105329/ENSG00000184371/ENSG00000163513",12
"BP","GO:0010466","negative regulation of peptidase activity","9/112","260/20772",1.17452627039147e-05,0.000330969139561891,0.000218377294373063,"ENSG00000019991/ENSG00000112715/ENSG00000106366/ENSG00000003436/ENSG00000101443/ENSG00000152377/ENSG00000127578/ENSG00000134259/ENSG00000139193",9
"BP","GO:0002548","monocyte chemotaxis","6/112","94/20772",1.18891615280201e-05,0.000331534223026145,0.000218750143026511,"ENSG00000275152/ENSG00000275718/ENSG00000136244/ENSG00000106366/ENSG00000131981/ENSG00000131142",6
"BP","GO:0007599","hemostasis","9/112","261/20772",1.21105148744056e-05,0.000334225240399832,0.000220525707642459,"ENSG00000122861/ENSG00000136244/ENSG00000104368/ENSG00000134853/ENSG00000106366/ENSG00000110799/ENSG00000003436/ENSG00000110080/ENSG00000181104",9
"BP","GO:0050878","regulation of body fluid levels","11/112","406/20772",1.24476025746906e-05,0.000340022776453539,0.000224350989477238,"ENSG00000204580/ENSG00000122861/ENSG00000112715/ENSG00000136244/ENSG00000104368/ENSG00000134853/ENSG00000106366/ENSG00000110799/ENSG00000003436/ENSG00000110080/ENSG00000181104",11
"BP","GO:0007254","JNK cascade","8/112","200/20772",1.2973608680007e-05,0.000347303504363789,0.000229154898579493,"ENSG00000037280/ENSG00000111321/ENSG00000164342/ENSG00000131080/ENSG00000146648/ENSG00000140443/ENSG00000127863/ENSG00000139193",8
"BP","GO:1901214","regulation of neuron death","11/112","410/20772",1.36369272463264e-05,0.000361446081568473,0.000238486335792972,"ENSG00000091972/ENSG00000065361/ENSG00000030582/ENSG00000169174/ENSG00000136235/ENSG00000101160/ENSG00000108342/ENSG00000181104/ENSG00000134259/ENSG00000184371/ENSG00000105550",11
"BP","GO:0003007","heart morphogenesis","9/112","268/20772",1.49496206877551e-05,0.00039235426059922,0.000258879912425728,"ENSG00000110195/ENSG00000118257/ENSG00000139567/ENSG00000112715/ENSG00000142871/ENSG00000196411/ENSG00000198719/ENSG00000105329/ENSG00000163513",9
"BP","GO:0032874","positive regulation of stress-activated MAPK cascade","7/112","148/20772",1.56845404742182e-05,0.00040764577523769,0.000268969431944181,"ENSG00000037280/ENSG00000111321/ENSG00000164342/ENSG00000112715/ENSG00000131080/ENSG00000127863/ENSG00000139193",7
"BP","GO:0072676","lymphocyte migration","7/112","149/20772",1.63852397260366e-05,0.000421598501971796,0.000278175603605243,"ENSG00000091972/ENSG00000165731/ENSG00000275152/ENSG00000275718/ENSG00000161921/ENSG00000154721/ENSG00000131142",7
"BP","GO:0070304","positive regulation of stress-activated protein kinase signaling cascade","7/112","150/20772",1.71116217172454e-05,0.000428873357454633,0.000282975638011472,"ENSG00000037280/ENSG00000111321/ENSG00000164342/ENSG00000112715/ENSG00000131080/ENSG00000127863/ENSG00000139193",7
"BP","GO:0048762","mesenchymal cell differentiation","9/112","278/20772",1.9978615582098e-05,0.000488540261056856,0.000322344556181666,"ENSG00000110195/ENSG00000165731/ENSG00000118257/ENSG00000162998/ENSG00000019991/ENSG00000136244/ENSG00000108821/ENSG00000105329/ENSG00000163513",9
"BP","GO:1903035","negative regulation of response to wounding","6/112","103/20772",2.00744970923624e-05,0.000488540261056856,0.000322344556181666,"ENSG00000122861/ENSG00000104368/ENSG00000134853/ENSG00000106366/ENSG00000118785/ENSG00000003436",6
"BP","GO:1901215","negative regulation of neuron death","9/112","283/20772",2.29909179345457e-05,0.000549523993846239,0.000362582333591801,"ENSG00000091972/ENSG00000065361/ENSG00000030582/ENSG00000136235/ENSG00000108342/ENSG00000181104/ENSG00000134259/ENSG00000184371/ENSG00000105550",9
"BP","GO:0050866","negative regulation of cell activation","9/112","284/20772",2.36375484889031e-05,0.000559979799157465,0.000369481195755747,"ENSG00000091972/ENSG00000030582/ENSG00000141736/ENSG00000136235/ENSG00000134853/ENSG00000130164/ENSG00000120217/ENSG00000186074/ENSG00000131981",9
"CC","GO:0098802","plasma membrane signaling receptor complex","9/114","322/21842",4.91385933568894e-05,0.000574543553095937,0.00037798917966838,"ENSG00000065361/ENSG00000141736/ENSG00000198223/ENSG00000139567/ENSG00000136244/ENSG00000243646/ENSG00000140443/ENSG00000115604/ENSG00000163513",9
"BP","GO:0071560","cellular response to transforming growth factor beta stimulus","9/112","294/20772",3.10012774502724e-05,0.000709319826789565,0.000468017485933936,"ENSG00000140564/ENSG00000110195/ENSG00000130513/ENSG00000139567/ENSG00000108821/ENSG00000127578/ENSG00000105329/ENSG00000140443/ENSG00000163513",9
"BP","GO:0046330","positive regulation of JNK cascade","6/112","113/20772",3.39585163052048e-05,0.000757557901241944,0.000499845529474857,"ENSG00000037280/ENSG00000111321/ENSG00000164342/ENSG00000131080/ENSG00000127863/ENSG00000139193",6
"BP","GO:0050921","positive regulation of chemotaxis","7/112","168/20772",3.54833682199724e-05,0.000785032865494761,0.000517973830997074,"ENSG00000112715/ENSG00000136244/ENSG00000106366/ENSG00000112562/ENSG00000105329/ENSG00000184371/ENSG00000106538",7
"BP","GO:0071559","response to transforming growth factor beta","9/112","300/20772",3.6290606405721e-05,0.000796311093017336,0.000525415336918031,"ENSG00000140564/ENSG00000110195/ENSG00000130513/ENSG00000139567/ENSG00000108821/ENSG00000127578/ENSG00000105329/ENSG00000140443/ENSG00000163513",9
"BP","GO:0010976","positive regulation of neuron projection development","7/112","170/20772",3.82672321067795e-05,0.000832856750811779,0.000549528587720805,"ENSG00000204580/ENSG00000165731/ENSG00000030582/ENSG00000019991/ENSG00000112715/ENSG00000138760/ENSG00000140443",7
"BP","GO:0097530","granulocyte migration","7/112","172/20772",4.12281004609194e-05,0.000890061491402268,0.000587272942049429,"ENSG00000115594/ENSG00000275152/ENSG00000275718/ENSG00000184371/ENSG00000106538/ENSG00000131981/ENSG00000131142",7
"BP","GO:0043542","endothelial cell migration","9/112","306/20772",4.23256026221077e-05,0.000906445105755058,0.000598083041683341,"ENSG00000037280/ENSG00000030582/ENSG00000118257/ENSG00000139567/ENSG00000112715/ENSG00000196411/ENSG00000112562/ENSG00000142627/ENSG00000105329",9
"BP","GO:0051346","negative regulation of hydrolase activity","10/112","383/20772",4.30493018242627e-05,0.000914626833202787,0.000603481440777885,"ENSG00000019991/ENSG00000112715/ENSG00000106366/ENSG00000003436/ENSG00000101443/ENSG00000152377/ENSG00000127578/ENSG00000134259/ENSG00000131981/ENSG00000139193",10
"BP","GO:0050679","positive regulation of epithelial cell proliferation","8/112","238/20772",4.50833971992367e-05,0.000950301214979186,0.000627019813512799,"ENSG00000037280/ENSG00000030582/ENSG00000141736/ENSG00000118257/ENSG00000139567/ENSG00000112715/ENSG00000143536/ENSG00000146648",8
"BP","GO:0044403","biological process involved in symbiotic interaction","10/112","386/20772",4.5964355067128e-05,0.000961301394646107,0.000634277860219086,"ENSG00000143217/ENSG00000140564/ENSG00000166311/ENSG00000073008/ENSG00000130164/ENSG00000088827/ENSG00000138760/ENSG00000146648/ENSG00000142627/ENSG00000100097",10
"BP","GO:0019058","viral life cycle","10/112","387/20772",4.69727855138353e-05,0.000974776331942149,0.000643168780842233,"ENSG00000143217/ENSG00000140564/ENSG00000166311/ENSG00000073008/ENSG00000130164/ENSG00000088827/ENSG00000138760/ENSG00000146648/ENSG00000142627/ENSG00000100097",10
"BP","GO:0032963","collagen metabolic process","6/112","122/20772",5.22387592054812e-05,0.00106882606382576,0.000705223889703566,"ENSG00000140564/ENSG00000136244/ENSG00000108821/ENSG00000163131/ENSG00000181104/ENSG00000105329",6
"BP","GO:0052548","regulation of endopeptidase activity","10/112","392/20772",5.23034046922579e-05,0.00106882606382576,0.000705223889703566,"ENSG00000140564/ENSG00000117984/ENSG00000019991/ENSG00000112715/ENSG00000142871/ENSG00000106366/ENSG00000026103/ENSG00000152377/ENSG00000181104/ENSG00000139193",10
"BP","GO:0001503","ossification","11/112","477/20772",5.44044064834733e-05,0.00108687012056909,0.000717129568572413,"ENSG00000104415/ENSG00000019991/ENSG00000136244/ENSG00000142871/ENSG00000118785/ENSG00000146648/ENSG00000142627/ENSG00000108821/ENSG00000164050/ENSG00000184371/ENSG00000118972",11
"BP","GO:0010632","regulation of epithelial cell migration","9/112","318/20772",5.69709196941295e-05,0.00112140552956753,0.000739916433798369,"ENSG00000037280/ENSG00000030582/ENSG00000118257/ENSG00000139567/ENSG00000112715/ENSG00000112562/ENSG00000142627/ENSG00000105329/ENSG00000163513",9
"BP","GO:0010631","epithelial cell migration","10/112","397/20772",5.81420944863904e-05,0.00113610501416107,0.00074961532499549,"ENSG00000037280/ENSG00000030582/ENSG00000118257/ENSG00000139567/ENSG00000112715/ENSG00000196411/ENSG00000112562/ENSG00000142627/ENSG00000105329/ENSG00000163513",10
"BP","GO:0090132","epithelium migration","10/112","400/20772",6.19052873640194e-05,0.00119164601699765,0.000786261925770034,"ENSG00000037280/ENSG00000030582/ENSG00000118257/ENSG00000139567/ENSG00000112715/ENSG00000196411/ENSG00000112562/ENSG00000142627/ENSG00000105329/ENSG00000163513",10
"BP","GO:0010634","positive regulation of epithelial cell migration","7/112","184/20772",6.32102108381273e-05,0.00119164601699765,0.000786261925770034,"ENSG00000037280/ENSG00000030582/ENSG00000118257/ENSG00000112715/ENSG00000112562/ENSG00000105329/ENSG00000163513",7
"BP","GO:0010721","negative regulation of cell development","9/112","325/20772",6.73392206082407e-05,0.00125185481644625,0.000825988393133245,"ENSG00000166450/ENSG00000141736/ENSG00000162998/ENSG00000164342/ENSG00000112715/ENSG00000164761/ENSG00000136244/ENSG00000130164/ENSG00000118785",9
"BP","GO:0018105","peptidyl-serine phosphorylation","9/112","325/20772",6.73392206082407e-05,0.00125185481644625,0.000825988393133245,"ENSG00000165731/ENSG00000019991/ENSG00000112715/ENSG00000136244/ENSG00000146648/ENSG00000108342/ENSG00000105329/ENSG00000134259/ENSG00000163513",9
"BP","GO:0090130","tissue migration","10/112","405/20772",6.86387854868767e-05,0.00125780814070858,0.000829916465843143,"ENSG00000037280/ENSG00000030582/ENSG00000118257/ENSG00000139567/ENSG00000112715/ENSG00000196411/ENSG00000112562/ENSG00000142627/ENSG00000105329/ENSG00000163513",10
"BP","GO:0010594","regulation of endothelial cell migration","8/112","253/20772",6.92659992541619e-05,0.00125780814070858,0.000829916465843143,"ENSG00000037280/ENSG00000030582/ENSG00000118257/ENSG00000139567/ENSG00000112715/ENSG00000112562/ENSG00000142627/ENSG00000105329",8
"BP","GO:0060560","developmental growth involved in morphogenesis","8/112","254/20772",7.12016322529864e-05,0.0012792400640352,0.00084405749855536,"ENSG00000204580/ENSG00000091129/ENSG00000118257/ENSG00000112715/ENSG00000118785/ENSG00000134259/ENSG00000184371/ENSG00000163513",8
"BP","GO:0010001","glial cell differentiation","8/112","257/20772",7.72803807752389e-05,0.00137919719556876,0.000910010378532287,"ENSG00000065361/ENSG00000030582/ENSG00000141736/ENSG00000027697/ENSG00000136244/ENSG00000130164/ENSG00000198719/ENSG00000105329",8
"CC","GO:0005796","Golgi lumen","6/114","148/21842",0.00012780030189196,0.00138754613482699,0.000912859299228286,"ENSG00000115884/ENSG00000140564/ENSG00000142798/ENSG00000105329/ENSG00000134259/ENSG00000118972",6
"BP","GO:0048568","embryonic organ development","11/112","497/20772",7.85140347229065e-05,0.00139193424472332,0.000918414431962615,"ENSG00000110195/ENSG00000162998/ENSG00000112715/ENSG00000134853/ENSG00000142871/ENSG00000146648/ENSG00000142627/ENSG00000198719/ENSG00000105329/ENSG00000106538/ENSG00000163513",11
"BP","GO:0051897","positive regulation of protein kinase B signaling","6/112","132/20772",8.10078392738827e-05,0.00142669727458016,0.00094135148408293,"ENSG00000165731/ENSG00000130513/ENSG00000146648/ENSG00000108342/ENSG00000105329/ENSG00000140443",6
"BP","GO:0030099","myeloid cell differentiation","11/112","500/20772",8.28222757775577e-05,0.00143970930036703,0.000949936970298988,"ENSG00000104415/ENSG00000111321/ENSG00000164342/ENSG00000112715/ENSG00000164761/ENSG00000142627/ENSG00000198719/ENSG00000108342/ENSG00000105329/ENSG00000184371/ENSG00000163513",11
"BP","GO:0002695","negative regulation of leukocyte activation","8/112","261/20772",8.60505917630337e-05,0.00147665021890796,0.00097431101874744,"ENSG00000091972/ENSG00000030582/ENSG00000141736/ENSG00000136235/ENSG00000130164/ENSG00000120217/ENSG00000186074/ENSG00000131981",8
"BP","GO:0022408","negative regulation of cell-cell adhesion","8/112","262/20772",8.83676049102963e-05,0.00149721568572698,0.00098788035336094,"ENSG00000141736/ENSG00000136235/ENSG00000112715/ENSG00000151882/ENSG00000120217/ENSG00000105329/ENSG00000131981/ENSG00000131142",8
"BP","GO:0050920","regulation of chemotaxis","8/112","262/20772",8.83676049102963e-05,0.00149721568572698,0.00098788035336094,"ENSG00000112715/ENSG00000136244/ENSG00000134853/ENSG00000106366/ENSG00000112562/ENSG00000105329/ENSG00000184371/ENSG00000106538",8
"BP","GO:0097696","receptor signaling pathway via STAT","7/112","197/20772",9.70051770232697e-05,0.0016332255276182,0.00107762123167856,"ENSG00000165731/ENSG00000198223/ENSG00000067182/ENSG00000136244/ENSG00000181104/ENSG00000105329/ENSG00000243646",7
"BP","GO:0018209","peptidyl-serine modification","9/112","343/20772",0.0001015424094036,0.00169893143733399,0.00112097475644238,"ENSG00000165731/ENSG00000019991/ENSG00000112715/ENSG00000136244/ENSG00000146648/ENSG00000108342/ENSG00000105329/ENSG00000134259/ENSG00000163513",9
"BP","GO:0010595","positive regulation of endothelial cell migration","6/112","138/20772",0.000103566563423665,0.00172203534338603,0.00113621898283694,"ENSG00000037280/ENSG00000030582/ENSG00000118257/ENSG00000112715/ENSG00000112562/ENSG00000105329",6
"BP","GO:0031099","regeneration","7/112","200/20772",0.000106588905273004,0.00176134876182612,0.00116215843436063,"ENSG00000110195/ENSG00000030582/ENSG00000019991/ENSG00000136244/ENSG00000118785/ENSG00000140443/ENSG00000163513",7
"BP","GO:0042476","odontogenesis","6/112","139/20772",0.000107768646233761,0.00176991819612134,0.00116781264695028,"ENSG00000115884/ENSG00000164761/ENSG00000134853/ENSG00000106366/ENSG00000108821/ENSG00000184371",6
"BP","GO:0050731","positive regulation of peptidyl-tyrosine phosphorylation","7/112","201/20772",0.000109949536059215,0.00178384792745768,0.00117700364597998,"ENSG00000065361/ENSG00000019991/ENSG00000112715/ENSG00000067182/ENSG00000136244/ENSG00000108342/ENSG00000105329",7
"BP","GO:0016485","protein processing","8/112","273/20772",0.000117457666502269,0.00184961278368574,0.00122039606433937,"ENSG00000140564/ENSG00000169174/ENSG00000122861/ENSG00000101160/ENSG00000104368/ENSG00000135678/ENSG00000106366/ENSG00000163131",8
"BP","GO:0045444","fat cell differentiation","8/112","277/20772",0.000129826380572654,0.00202061174879648,0.0013332231738122,"ENSG00000104415/ENSG00000162998/ENSG00000136244/ENSG00000134853/ENSG00000170323/ENSG00000105329/ENSG00000106538/ENSG00000104918",8
"BP","GO:0071496","cellular response to external stimulus","9/112","355/20772",0.000131634703215466,0.00203691387576764,0.00134397950712231,"ENSG00000110195/ENSG00000169174/ENSG00000111321/ENSG00000164342/ENSG00000067182/ENSG00000026103/ENSG00000108821/ENSG00000118972/ENSG00000140443",9
"BP","GO:0002824","positive regulation of adaptive immune response based on somatic recombination of immune receptors built from immunoglobulin superfamily domains","7/112","209/20772",0.000140061549289342,0.00206440966848346,0.00136212155150709,"ENSG00000115594/ENSG00000073008/ENSG00000136244/ENSG00000131015/ENSG00000120217/ENSG00000105329/ENSG00000115604",7
"BP","GO:0051896","regulation of protein kinase B signaling","7/112","209/20772",0.000140061549289342,0.00206440966848346,0.00136212155150709,"ENSG00000165731/ENSG00000130513/ENSG00000146648/ENSG00000142627/ENSG00000108342/ENSG00000105329/ENSG00000140443",7
"BP","GO:0071621","granulocyte chemotaxis","6/112","146/20772",0.00014112326086383,0.00206440966848346,0.00136212155150709,"ENSG00000275152/ENSG00000275718/ENSG00000184371/ENSG00000106538/ENSG00000131981/ENSG00000131142",6
"BP","GO:0045927","positive regulation of growth","8/112","281/20772",0.000143252431339591,0.00208416716682655,0.0013751577791066,"ENSG00000141736/ENSG00000112715/ENSG00000161921/ENSG00000146648/ENSG00000198719/ENSG00000134259/ENSG00000184371/ENSG00000163513",8
"BP","GO:0001101","response to acid chemical","6/112","147/20772",0.000146489833339405,0.00211255822176905,0.00139389052793916,"ENSG00000112715/ENSG00000134853/ENSG00000146648/ENSG00000108821/ENSG00000105550/ENSG00000140443",6
"BP","GO:0050730","regulation of peptidyl-tyrosine phosphorylation","8/112","282/20772",0.000146782155117312,0.00211255822176905,0.00139389052793916,"ENSG00000065361/ENSG00000019991/ENSG00000112715/ENSG00000067182/ENSG00000136244/ENSG00000146648/ENSG00000108342/ENSG00000105329",8
"BP","GO:0042063","gliogenesis","9/112","363/20772",0.00015558320266678,0.002211064034296,0.00145888581072634,"ENSG00000065361/ENSG00000030582/ENSG00000141736/ENSG00000027697/ENSG00000136244/ENSG00000130164/ENSG00000198719/ENSG00000105329/ENSG00000184371",9
"BP","GO:0001649","osteoblast differentiation","8/112","286/20772",0.000161627027229142,0.00226854971020442,0.00149681552945088,"ENSG00000104415/ENSG00000019991/ENSG00000136244/ENSG00000142871/ENSG00000118785/ENSG00000142627/ENSG00000108821/ENSG00000118972",8
"BP","GO:0071675","regulation of mononuclear cell migration","6/112","150/20772",0.000163565820947134,0.00226873421075377,0.00149693726506294,"ENSG00000091972/ENSG00000106366/ENSG00000184371/ENSG00000106538/ENSG00000131981/ENSG00000154721",6
"BP","GO:0002821","positive regulation of adaptive immune response","7/112","215/20772",0.000166776738718122,0.00227786392626741,0.0015029611577283,"ENSG00000115594/ENSG00000073008/ENSG00000136244/ENSG00000131015/ENSG00000120217/ENSG00000105329/ENSG00000115604",7
"BP","GO:0051216","cartilage development","7/112","215/20772",0.000166776738718122,0.00227786392626741,0.0015029611577283,"ENSG00000104415/ENSG00000139567/ENSG00000162998/ENSG00000142871/ENSG00000108821/ENSG00000105329/ENSG00000163513",7
"BP","GO:0061448","connective tissue development","8/112","289/20772",0.000173554861540258,0.00235480976075387,0.0015537309158111,"ENSG00000104415/ENSG00000139567/ENSG00000162998/ENSG00000142871/ENSG00000108821/ENSG00000105329/ENSG00000184371/ENSG00000163513",8
"BP","GO:0001894","tissue homeostasis","8/112","290/20772",0.000177688297225357,0.00235480976075387,0.0015537309158111,"ENSG00000160180/ENSG00000112715/ENSG00000164761/ENSG00000136244/ENSG00000118785/ENSG00000181104/ENSG00000184371/ENSG00000154721",8
"BP","GO:0060249","anatomical structure homeostasis","8/112","290/20772",0.000177688297225357,0.00235480976075387,0.0015537309158111,"ENSG00000160180/ENSG00000112715/ENSG00000164761/ENSG00000136244/ENSG00000118785/ENSG00000181104/ENSG00000184371/ENSG00000154721",8
"BP","GO:0000302","response to reactive oxygen species","7/112","218/20772",0.00018160281421562,0.00238309183164321,0.00157239175569562,"ENSG00000115884/ENSG00000019991/ENSG00000136244/ENSG00000134853/ENSG00000146648/ENSG00000108821/ENSG00000137496",7
"BP","GO:0061138","morphogenesis of a branching epithelium","7/112","218/20772",0.00018160281421562,0.00238309183164321,0.00157239175569562,"ENSG00000204580/ENSG00000101160/ENSG00000019991/ENSG00000112715/ENSG00000142627/ENSG00000184371/ENSG00000163513",7
"MF","GO:0002020","protease binding","6/114","177/20696",0.00044694253797701,0.00252121431679339,0.001544092978706,"ENSG00000140564/ENSG00000115594/ENSG00000130164/ENSG00000106366/ENSG00000110799/ENSG00000108821",6
"MF","GO:0004857","enzyme inhibitor activity","9/114","412/20696",0.000462721831502431,0.00254497007326337,0.00155864195874503,"ENSG00000140564/ENSG00000106366/ENSG00000003436/ENSG00000101443/ENSG00000152377/ENSG00000127578/ENSG00000134259/ENSG00000131981/ENSG00000139193",9
"BP","GO:0043123","positive regulation of I-kappaB kinase/NF-kappaB signaling","7/112","222/20772",0.000203011963062593,0.00265103914691982,0.00174918651614394,"ENSG00000111321/ENSG00000164342/ENSG00000067182/ENSG00000131080/ENSG00000181104/ENSG00000127863/ENSG00000100097",7
"BP","GO:0048545","response to steroid hormone","9/112","380/20772",0.000218718479391615,0.00280148023603519,0.00184844929951715,"ENSG00000115884/ENSG00000136244/ENSG00000104368/ENSG00000118785/ENSG00000003436/ENSG00000108821/ENSG00000105329/ENSG00000140443/ENSG00000163513",9
"BP","GO:0031346","positive regulation of cell projection organization","9/112","382/20772",0.00022737828011106,0.00289853169455861,0.00191248498258826,"ENSG00000204580/ENSG00000165731/ENSG00000030582/ENSG00000019991/ENSG00000112715/ENSG00000138760/ENSG00000164050/ENSG00000134259/ENSG00000140443",9
"BP","GO:0045834","positive regulation of lipid metabolic process","6/112","160/20772",0.00023214652382459,0.00294529025724373,0.0019433368270275,"ENSG00000134853/ENSG00000142871/ENSG00000130164/ENSG00000105329/ENSG00000105550/ENSG00000140443",6
"CC","GO:0030135","coated vesicle","9/114","416/21842",0.000336685437050873,0.00301036390774898,0.00198050257088749,"ENSG00000140564/ENSG00000110195/ENSG00000169174/ENSG00000101160/ENSG00000109861/ENSG00000130164/ENSG00000138760/ENSG00000110799/ENSG00000146648",9
"BP","GO:0043281","regulation of cysteine-type endopeptidase activity involved in apoptotic process","7/112","230/20772",0.000251950995300373,0.00316653903483144,0.00208931934822844,"ENSG00000117984/ENSG00000019991/ENSG00000112715/ENSG00000142871/ENSG00000026103/ENSG00000181104/ENSG00000139193",7
"BP","GO:0001763","morphogenesis of a branching structure","7/112","233/20772",0.000272584995481601,0.00337828718937151,0.00222903324765169,"ENSG00000204580/ENSG00000101160/ENSG00000019991/ENSG00000112715/ENSG00000142627/ENSG00000184371/ENSG00000163513",7
"BP","GO:2001235","positive regulation of apoptotic signaling pathway","6/112","165/20772",0.000274013133398272,0.00338033713413445,0.00223038582508999,"ENSG00000165731/ENSG00000006327/ENSG00000111321/ENSG00000109861/ENSG00000026103/ENSG00000163131",6
"CC","GO:0005770","late endosome","8/114","338/21842",0.000401803525148991,0.00339300754570259,0.00223224180638329,"ENSG00000030582/ENSG00000169174/ENSG00000130164/ENSG00000088827/ENSG00000138760/ENSG00000146648/ENSG00000163131/ENSG00000181104",8
"BP","GO:0070555","response to interleukin-1","6/112","167/20772",0.000292331876480985,0.0035733901065735,0.00235776442554719,"ENSG00000115594/ENSG00000275152/ENSG00000166311/ENSG00000275718/ENSG00000136244/ENSG00000131142",6
"BP","GO:0007179","transforming growth factor beta receptor signaling pathway","7/112","237/20772",0.000302191195485093,0.00366047887019726,0.00241522660644909,"ENSG00000140564/ENSG00000110195/ENSG00000130513/ENSG00000139567/ENSG00000127578/ENSG00000105329/ENSG00000163513",7
"BP","GO:0030100","regulation of endocytosis","7/112","237/20772",0.000302191195485093,0.00366047887019726,0.00241522660644909,"ENSG00000169174/ENSG00000166311/ENSG00000112715/ENSG00000106366/ENSG00000198719/ENSG00000169218/ENSG00000131981",7
"BP","GO:0035051","cardiocyte differentiation","6/112","171/20772",0.000331848965364119,0.0039658914298203,0.0026167413716212,"ENSG00000110195/ENSG00000112715/ENSG00000134853/ENSG00000146648/ENSG00000198719/ENSG00000105329",6
"BP","GO:0043491","protein kinase B signaling","7/112","241/20772",0.000334329274318309,0.00397777541044495,0.00262458256049648,"ENSG00000165731/ENSG00000130513/ENSG00000146648/ENSG00000142627/ENSG00000108342/ENSG00000105329/ENSG00000140443",7
"MF","GO:0004252","serine-type endopeptidase activity","6/114","196/20696",0.000763817428876375,0.00400094843697149,0.00245034162647058,"ENSG00000140564/ENSG00000169174/ENSG00000122861/ENSG00000104368/ENSG00000109861/ENSG00000163131",6
"BP","GO:0045860","positive regulation of protein kinase activity","9/112","406/20772",0.000355551414415296,0.00413830928865108,0.00273050468370191,"ENSG00000065361/ENSG00000141736/ENSG00000164342/ENSG00000112715/ENSG00000142871/ENSG00000146648/ENSG00000105329/ENSG00000184371/ENSG00000163513",9
"BP","GO:0060070","canonical Wnt signaling pathway","8/112","325/20772",0.000382585728303808,0.00437684613106536,0.00288789407149703,"ENSG00000115884/ENSG00000110195/ENSG00000162998/ENSG00000146648/ENSG00000108821/ENSG00000169218/ENSG00000105329/ENSG00000104371",8
"BP","GO:0050767","regulation of neurogenesis","9/112","416/20772",0.000424221414374257,0.00481203697576223,0.00317503806119538,"ENSG00000166450/ENSG00000112715/ENSG00000136244/ENSG00000130164/ENSG00000118785/ENSG00000164050/ENSG00000198719/ENSG00000105329/ENSG00000134259",9
"BP","GO:0048588","developmental cell growth","7/112","251/20772",0.000426790834101631,0.00482075553962054,0.00318079067120825,"ENSG00000204580/ENSG00000091129/ENSG00000118257/ENSG00000112715/ENSG00000118785/ENSG00000134259/ENSG00000163513",7
"BP","GO:0034341","response to type II interferon","6/112","181/20772",0.000449084394691878,0.00501227295907648,0.00330715609591661,"ENSG00000027697/ENSG00000275152/ENSG00000164342/ENSG00000275718/ENSG00000161921/ENSG00000131142",6
"BP","GO:2001236","regulation of extrinsic apoptotic signaling pathway","6/112","182/20772",0.000462382814850816,0.0050938222031096,0.00336096323725219,"ENSG00000165731/ENSG00000006327/ENSG00000111321/ENSG00000019991/ENSG00000106366/ENSG00000131981",6
"BP","GO:0051091","positive regulation of DNA-binding transcription factor activity","8/112","336/20772",0.000476925770087824,0.00523250117428321,0.00345246523816811,"ENSG00000091972/ENSG00000164342/ENSG00000112715/ENSG00000136244/ENSG00000131080/ENSG00000143536/ENSG00000108342/ENSG00000115604",8
"BP","GO:0030856","regulation of epithelial cell differentiation","6/112","185/20772",0.000504129131442451,0.00544174872932033,0.00359052921290506,"ENSG00000139567/ENSG00000162998/ENSG00000112715/ENSG00000067182/ENSG00000106366/ENSG00000198719",6
"BP","GO:0007259","receptor signaling pathway via JAK-STAT","6/112","186/20772",0.000518677902232468,0.00555400297710526,0.00366459587345718,"ENSG00000165731/ENSG00000198223/ENSG00000067182/ENSG00000136244/ENSG00000181104/ENSG00000243646",6
"BP","GO:0048754","branching morphogenesis of an epithelial tube","6/112","186/20772",0.000518677902232468,0.00555400297710526,0.00366459587345718,"ENSG00000204580/ENSG00000101160/ENSG00000112715/ENSG00000142627/ENSG00000184371/ENSG00000163513",6
"BP","GO:0048638","regulation of developmental growth","8/112","346/20772",0.000578320743398797,0.00606688096413755,0.00400299874479398,"ENSG00000091129/ENSG00000130513/ENSG00000112715/ENSG00000118785/ENSG00000198719/ENSG00000134259/ENSG00000184371/ENSG00000163513",8
"BP","GO:1903038","negative regulation of leukocyte cell-cell adhesion","6/112","190/20772",0.000580172404489806,0.00606688096413755,0.00400299874479398,"ENSG00000141736/ENSG00000136235/ENSG00000151882/ENSG00000120217/ENSG00000131981/ENSG00000131142",6
"BP","GO:2001233","regulation of apoptotic signaling pathway","9/112","435/20772",0.000584867848020795,0.00609218377101816,0.00401969383157442,"ENSG00000165731/ENSG00000006327/ENSG00000111321/ENSG00000019991/ENSG00000109861/ENSG00000106366/ENSG00000026103/ENSG00000163131/ENSG00000131981",9
"MF","GO:0008236","serine-type peptidase activity","6/114","217/20696",0.00129149794261901,0.00617672929078656,0.00378287726899847,"ENSG00000140564/ENSG00000169174/ENSG00000122861/ENSG00000104368/ENSG00000109861/ENSG00000163131",6
"BP","GO:0060828","regulation of canonical Wnt signaling pathway","7/112","267/20772",0.000616262278255137,0.00639431829026745,0.00421904570751579,"ENSG00000110195/ENSG00000162998/ENSG00000146648/ENSG00000108821/ENSG00000169218/ENSG00000105329/ENSG00000104371",7
"BP","GO:0030111","regulation of Wnt signaling pathway","8/112","351/20772",0.00063519653085358,0.00646547951747162,0.00426599871431782,"ENSG00000110195/ENSG00000104415/ENSG00000162998/ENSG00000146648/ENSG00000108821/ENSG00000169218/ENSG00000105329/ENSG00000104371",8
"BP","GO:2000116","regulation of cysteine-type endopeptidase activity","7/112","269/20772",0.00064401597213095,0.00653041953558543,0.00430884689487932,"ENSG00000117984/ENSG00000019991/ENSG00000112715/ENSG00000142871/ENSG00000026103/ENSG00000181104/ENSG00000139193",7
"BP","GO:0050678","regulation of epithelial cell proliferation","9/112","442/20772",0.000655377303721431,0.00657095521371637,0.00433559280758747,"ENSG00000037280/ENSG00000030582/ENSG00000141736/ENSG00000118257/ENSG00000139567/ENSG00000112715/ENSG00000143536/ENSG00000146648/ENSG00000105329",9
"MF","GO:0017171","serine hydrolase activity","6/114","221/20696",0.00141760376338477,0.0066355920839287,0.00406390328585107,"ENSG00000140564/ENSG00000169174/ENSG00000122861/ENSG00000104368/ENSG00000109861/ENSG00000163131",6
"BP","GO:0051604","protein maturation","8/112","356/20772",0.000696513589658373,0.00693147538853332,0.00457346821931813,"ENSG00000140564/ENSG00000169174/ENSG00000122861/ENSG00000101160/ENSG00000104368/ENSG00000135678/ENSG00000106366/ENSG00000163131",8
"BP","GO:0002040","sprouting angiogenesis","6/112","197/20772",0.000701278523819415,0.0069530466972762,0.00458770122015196,"ENSG00000037280/ENSG00000139567/ENSG00000112715/ENSG00000196411/ENSG00000142627/ENSG00000198719",6
"BP","GO:0070663","regulation of leukocyte proliferation","8/112","358/20772",0.000722340149088048,0.00711455020063105,0.00469426311332753,"ENSG00000141736/ENSG00000198223/ENSG00000136235/ENSG00000136244/ENSG00000120217/ENSG00000184371/ENSG00000131981/ENSG00000163513",8
"BP","GO:0043434","response to peptide hormone","9/112","449/20772",0.000732703990191095,0.00718479333971267,0.00474061035488975,"ENSG00000130513/ENSG00000169174/ENSG00000117984/ENSG00000104368/ENSG00000108821/ENSG00000106538/ENSG00000105550/ENSG00000104918/ENSG00000140443",9
"BP","GO:0001818","negative regulation of cytokine production","9/112","450/20772",0.000744335346739207,0.00724576626625766,0.00478084100221393,"ENSG00000091972/ENSG00000140564/ENSG00000136235/ENSG00000019991/ENSG00000136244/ENSG00000142627/ENSG00000120217/ENSG00000198719/ENSG00000105329",9
"BP","GO:1905952","regulation of lipid localization","6/112","200/20772",0.000758804910310063,0.00733968076196001,0.00484280688066724,"ENSG00000140564/ENSG00000169174/ENSG00000038945/ENSG00000136244/ENSG00000118785/ENSG00000104918",6
"BP","GO:0008202","steroid metabolic process","8/112","363/20772",0.000790300221523803,0.00755583461792579,0.00498542771322159,"ENSG00000169174/ENSG00000166311/ENSG00000105398/ENSG00000134853/ENSG00000130164/ENSG00000118785/ENSG00000118972/ENSG00000140443",8
"BP","GO:0070482","response to oxygen levels","8/112","365/20772",0.000818885977007278,0.0077461404962844,0.00511099374899838,"ENSG00000139567/ENSG00000122861/ENSG00000112715/ENSG00000104368/ENSG00000026103/ENSG00000108821/ENSG00000107159/ENSG00000163513",8
"BP","GO:0043010","camera-type eye development","8/112","367/20772",0.000848298436914846,0.00796805233551243,0.00525741376599487,"ENSG00000165731/ENSG00000139567/ENSG00000112715/ENSG00000134853/ENSG00000146648/ENSG00000142627/ENSG00000198719/ENSG00000163513",8
"BP","GO:0010469","regulation of signaling receptor activity","6/112","206/20772",0.000884761930304802,0.0081672678876757,0.00538885850835375,"ENSG00000169174/ENSG00000122861/ENSG00000106366/ENSG00000137496/ENSG00000127578/ENSG00000104371",6
"BP","GO:0090287","regulation of cellular response to growth factor stimulus","8/112","372/20772",0.000925561308664992,0.00848536857293214,0.00559874504664692,"ENSG00000110195/ENSG00000139567/ENSG00000112715/ENSG00000142871/ENSG00000112562/ENSG00000198719/ENSG00000127578/ENSG00000105329",8
"BP","GO:0050728","negative regulation of inflammatory response","6/112","208/20772",0.000930142148925285,0.00849826120366208,0.00560725175461336,"ENSG00000091972/ENSG00000140564/ENSG00000030582/ENSG00000019991/ENSG00000067182/ENSG00000130164",6
"BP","GO:0002822","regulation of adaptive immune response based on somatic recombination of immune receptors built from immunoglobulin superfamily domains","7/112","291/20772",0.00101988996210976,0.00910081809522608,0.00600482581200062,"ENSG00000115594/ENSG00000073008/ENSG00000136244/ENSG00000131015/ENSG00000120217/ENSG00000105329/ENSG00000115604",7
"BP","GO:0002456","T cell mediated immunity","6/112","215/20772",0.00110324066908584,0.00957761594513545,0.00631942258849745,"ENSG00000115594/ENSG00000073008/ENSG00000136244/ENSG00000109861/ENSG00000131015/ENSG00000115604",6
"BP","GO:0010952","positive regulation of peptidase activity","6/112","217/20772",0.00115696721236735,0.00988173896120143,0.00652008649780627,"ENSG00000030582/ENSG00000117984/ENSG00000142871/ENSG00000026103/ENSG00000163131/ENSG00000181104",6
"BP","GO:0009410","response to xenobiotic stimulus","9/112","480/20772",0.00117012146704243,0.00994417513419867,0.00656128261218779,"ENSG00000165731/ENSG00000166311/ENSG00000105398/ENSG00000164342/ENSG00000164761/ENSG00000108821/ENSG00000107159/ENSG00000105550/ENSG00000163513",9
"BP","GO:0043122","regulation of I-kappaB kinase/NF-kappaB signaling","7/112","300/20772",0.00121608711172096,0.0102052200566677,0.00673352309344257,"ENSG00000111321/ENSG00000164342/ENSG00000067182/ENSG00000131080/ENSG00000181104/ENSG00000127863/ENSG00000100097",7
"BP","GO:0016055","Wnt signaling pathway","9/112","485/20772",0.00125722639091499,0.0103508829807327,0.0068296331878456,"ENSG00000115884/ENSG00000110195/ENSG00000104415/ENSG00000162998/ENSG00000146648/ENSG00000108821/ENSG00000169218/ENSG00000105329/ENSG00000104371",9
"BP","GO:0198738","cell-cell signaling by wnt","9/112","487/20772",0.00129350487327103,0.010576433579575,0.00697845410083044,"ENSG00000115884/ENSG00000110195/ENSG00000104415/ENSG00000162998/ENSG00000146648/ENSG00000108821/ENSG00000169218/ENSG00000105329/ENSG00000104371",9
"BP","GO:1903706","regulation of hemopoiesis","9/112","492/20772",0.00138791645712002,0.0111241088494321,0.00733981662479484,"ENSG00000141736/ENSG00000164342/ENSG00000164761/ENSG00000198719/ENSG00000108342/ENSG00000105329/ENSG00000184371/ENSG00000163513/ENSG00000139193",9
"BP","GO:0042742","defense response to bacterium","8/112","399/20772",0.00144617684816963,0.0113199281361114,0.00746902047161786,"ENSG00000030582/ENSG00000164342/ENSG00000067182/ENSG00000136244/ENSG00000106366/ENSG00000101443/ENSG00000142627/ENSG00000106538",8
"BP","GO:0010720","positive regulation of cell development","9/112","497/20772",0.00148781660757508,0.0115296645099928,0.00760740697472346,"ENSG00000165731/ENSG00000112715/ENSG00000136244/ENSG00000164050/ENSG00000105329/ENSG00000134259/ENSG00000184371/ENSG00000163513/ENSG00000139193",9
"BP","GO:0043547","positive regulation of GTPase activity","7/112","313/20772",0.00155046556647729,0.011685902711855,0.00771049476062865,"ENSG00000141736/ENSG00000275152/ENSG00000275718/ENSG00000142627/ENSG00000164050/ENSG00000181104/ENSG00000131142",7
"BP","GO:0002819","regulation of adaptive immune response","7/112","314/20772",0.00157888548486676,0.0118394298122922,0.00781179373022683,"ENSG00000115594/ENSG00000073008/ENSG00000136244/ENSG00000131015/ENSG00000120217/ENSG00000105329/ENSG00000115604",7
"BP","GO:0002064","epithelial cell development","6/112","233/20772",0.00166236329389491,0.0122932224799908,0.00811121141946977,"ENSG00000115884/ENSG00000162998/ENSG00000112715/ENSG00000067182/ENSG00000142627/ENSG00000198719",6
"BP","GO:0032496","response to lipopolysaccharide","8/112","409/20772",0.00168959623330234,0.0123919153878092,0.0081763301499101,"ENSG00000136244/ENSG00000106366/ENSG00000120217/ENSG00000108342/ENSG00000137496/ENSG00000181104/ENSG00000105329/ENSG00000184371",8
"BP","GO:0051146","striated muscle cell differentiation","7/112","318/20772",0.00169665407331214,0.0124096802028869,0.00818805158187451,"ENSG00000115884/ENSG00000130513/ENSG00000112715/ENSG00000134853/ENSG00000198719/ENSG00000105329/ENSG00000154721",7
"BP","GO:0071375","cellular response to peptide hormone stimulus","7/112","326/20772",0.00195265161555923,0.0135354845485298,0.00893087040576964,"ENSG00000130513/ENSG00000169174/ENSG00000117984/ENSG00000104368/ENSG00000106538/ENSG00000105550/ENSG00000140443",7
"BP","GO:0001654","eye development","8/112","419/20772",0.00196443566010489,0.0135535934590227,0.00894281887589802,"ENSG00000165731/ENSG00000139567/ENSG00000112715/ENSG00000134853/ENSG00000146648/ENSG00000142627/ENSG00000198719/ENSG00000163513",8
"BP","GO:0002285","lymphocyte activation involved in immune response","6/112","241/20772",0.00197067329755332,0.0135616771659389,0.00894815259990387,"ENSG00000136244/ENSG00000198719/ENSG00000105329/ENSG00000131981/ENSG00000115604/ENSG00000100097",6
"BP","GO:0045862","positive regulation of proteolysis","8/112","420/20772",0.00199375307909841,0.0136853256224268,0.00902973729211101,"ENSG00000140564/ENSG00000030582/ENSG00000117984/ENSG00000142871/ENSG00000109861/ENSG00000026103/ENSG00000163131/ENSG00000181104",8
"BP","GO:0150063","visual system development","8/112","423/20772",0.00208378399525788,0.0140865902911751,0.00929449639564787,"ENSG00000165731/ENSG00000139567/ENSG00000112715/ENSG00000134853/ENSG00000146648/ENSG00000142627/ENSG00000198719/ENSG00000163513",8
"BP","GO:0032944","regulation of mononuclear cell proliferation","7/112","331/20772",0.00212725474067452,0.0142723331849265,0.00941705172101791,"ENSG00000141736/ENSG00000136235/ENSG00000136244/ENSG00000120217/ENSG00000184371/ENSG00000131981/ENSG00000163513",7
"BP","GO:0090092","regulation of transmembrane receptor protein serine/threonine kinase signaling pathway","7/112","331/20772",0.00212725474067452,0.0142723331849265,0.00941705172101791,"ENSG00000110195/ENSG00000130513/ENSG00000139567/ENSG00000142871/ENSG00000127578/ENSG00000105329/ENSG00000163513",7
"BP","GO:0031669","cellular response to nutrient levels","6/112","249/20772",0.00232048286638534,0.0151510552032038,0.00999684274658436,"ENSG00000110195/ENSG00000169174/ENSG00000026103/ENSG00000108821/ENSG00000118972/ENSG00000140443",6
"BP","GO:0007178","transmembrane receptor protein serine/threonine kinase signaling pathway","8/112","432/20772",0.00237325518611774,0.0153830608552958,0.0101499227789106,"ENSG00000140564/ENSG00000110195/ENSG00000130513/ENSG00000139567/ENSG00000142871/ENSG00000127578/ENSG00000105329/ENSG00000163513",8
"BP","GO:0048738","cardiac muscle tissue development","6/112","252/20772",0.00246305744547371,0.0159265815979061,0.0105085440973935,"ENSG00000065361/ENSG00000112715/ENSG00000134853/ENSG00000198719/ENSG00000105329/ENSG00000163513",6
"BP","GO:0042692","muscle cell differentiation","8/112","435/20772",0.00247646670255892,0.015968065661231,0.0105359157657023,"ENSG00000115884/ENSG00000130513/ENSG00000112715/ENSG00000134853/ENSG00000198719/ENSG00000127578/ENSG00000105329/ENSG00000154721",8
"BP","GO:0048880","sensory system development","8/112","436/20772",0.00251164288080029,0.015981638545406,0.0105448713128173,"ENSG00000165731/ENSG00000139567/ENSG00000112715/ENSG00000134853/ENSG00000146648/ENSG00000142627/ENSG00000198719/ENSG00000163513",8
"BP","GO:0045637","regulation of myeloid cell differentiation","6/112","253/20772",0.00251201773427652,0.015981638545406,0.0105448713128173,"ENSG00000164342/ENSG00000164761/ENSG00000198719/ENSG00000108342/ENSG00000105329/ENSG00000184371",6
"BP","GO:0007249","I-kappaB kinase/NF-kappaB signaling","7/112","342/20772",0.00255387316249922,0.0162007546350957,0.0106894466616954,"ENSG00000111321/ENSG00000164342/ENSG00000067182/ENSG00000131080/ENSG00000181104/ENSG00000127863/ENSG00000100097",7
"BP","GO:0002366","leukocyte activation involved in immune response","7/112","343/20772",0.00259569915966011,0.0164147380154744,0.0108306353891693,"ENSG00000030582/ENSG00000136244/ENSG00000198719/ENSG00000105329/ENSG00000131981/ENSG00000115604/ENSG00000100097",7
"BP","GO:0002708","positive regulation of lymphocyte mediated immunity","6/112","255/20772",0.00261213238498023,0.0164147380154744,0.0108306353891693,"ENSG00000115594/ENSG00000073008/ENSG00000136244/ENSG00000131015/ENSG00000105329/ENSG00000115604",6
"BP","GO:0070661","leukocyte proliferation","8/112","440/20772",0.00265628902679298,0.0166142189830019,0.0109622552556779,"ENSG00000141736/ENSG00000198223/ENSG00000136235/ENSG00000136244/ENSG00000120217/ENSG00000184371/ENSG00000131981/ENSG00000163513",8
"CC","GO:0016323","basolateral plasma membrane","6/114","259/21842",0.00240734073929301,0.0166325360169335,0.0109424579058773,"ENSG00000065361/ENSG00000110195/ENSG00000141736/ENSG00000130164/ENSG00000146648/ENSG00000107159",6
"BP","GO:0002263","cell activation involved in immune response","7/112","347/20772",0.0027683057634355,0.0172386137603904,0.0113742382045633,"ENSG00000030582/ENSG00000136244/ENSG00000198719/ENSG00000105329/ENSG00000131981/ENSG00000115604/ENSG00000100097",7
"BP","GO:0002237","response to molecule of bacterial origin","8/112","443/20772",0.00276899660701079,0.0172386137603904,0.0113742382045633,"ENSG00000136244/ENSG00000106366/ENSG00000120217/ENSG00000108342/ENSG00000137496/ENSG00000181104/ENSG00000105329/ENSG00000184371",8
"BP","GO:0042129","regulation of T cell proliferation","6/112","262/20772",0.00298629293643461,0.0182936068440171,0.0120703349327647,"ENSG00000141736/ENSG00000136235/ENSG00000136244/ENSG00000120217/ENSG00000131981/ENSG00000163513",6
"MF","GO:0004175","endopeptidase activity","8/114","488/20696",0.00562478264716911,0.0190377258827262,0.0116594684832007,"ENSG00000140564/ENSG00000169174/ENSG00000122861/ENSG00000117984/ENSG00000101160/ENSG00000104368/ENSG00000109861/ENSG00000163131",8
"BP","GO:0071214","cellular response to abiotic stimulus","7/112","356/20772",0.00318889868959565,0.0191835545888709,0.0126575328235163,"ENSG00000111321/ENSG00000166311/ENSG00000164342/ENSG00000067182/ENSG00000026103/ENSG00000108821/ENSG00000140443",7
"BP","GO:0104004","cellular response to environmental stimulus","7/112","356/20772",0.00318889868959565,0.0191835545888709,0.0126575328235163,"ENSG00000111321/ENSG00000166311/ENSG00000164342/ENSG00000067182/ENSG00000026103/ENSG00000108821/ENSG00000140443",7
"BP","GO:0033002","muscle cell proliferation","6/112","268/20772",0.00333776898306712,0.0194666831539666,0.0128443443494706,"ENSG00000104415/ENSG00000019991/ENSG00000136244/ENSG00000105329/ENSG00000140443/ENSG00000163513",6
"BP","GO:0014706","striated muscle tissue development","6/112","269/20772",0.00339922342438125,0.0197820024066709,0.0130523956661596,"ENSG00000065361/ENSG00000112715/ENSG00000134853/ENSG00000198719/ENSG00000105329/ENSG00000163513",6
"BP","GO:0016042","lipid catabolic process","7/112","365/20772",0.00365678200753815,0.0207512169094686,0.013691894687332,"ENSG00000166311/ENSG00000105398/ENSG00000130164/ENSG00000118785/ENSG00000106538/ENSG00000105550/ENSG00000118972",7
"BP","GO:0019216","regulation of lipid metabolic process","7/112","368/20772",0.0038238261107423,0.0211709025892606,0.0139688081885769,"ENSG00000134853/ENSG00000142871/ENSG00000130164/ENSG00000105329/ENSG00000106538/ENSG00000105550/ENSG00000140443",7
"BP","GO:0045926","negative regulation of growth","6/112","277/20772",0.00392169780593483,0.0216016152808385,0.0142529974406728,"ENSG00000130513/ENSG00000139567/ENSG00000162998/ENSG00000118785/ENSG00000105329/ENSG00000163513",6
"BP","GO:0002705","positive regulation of leukocyte mediated immunity","6/112","278/20772",0.00399096802014445,0.0217593103664495,0.0143570464954494,"ENSG00000115594/ENSG00000073008/ENSG00000136244/ENSG00000131015/ENSG00000105329/ENSG00000115604",6
"BP","GO:0042445","hormone metabolic process","6/112","278/20772",0.00399096802014445,0.0217593103664495,0.0143570464954494,"ENSG00000140564/ENSG00000101160/ENSG00000105398/ENSG00000134853/ENSG00000118785/ENSG00000140443",6
"BP","GO:0051402","neuron apoptotic process","6/112","279/20772",0.00406114207508826,0.0219629845151743,0.0144914330717663,"ENSG00000065361/ENSG00000030582/ENSG00000169174/ENSG00000026103/ENSG00000181104/ENSG00000134259",6
"CC","GO:0030139","endocytic vesicle","8/114","475/21842",0.00348213478680372,0.0230123690258332,0.015139716464364,"ENSG00000038945/ENSG00000130164/ENSG00000138760/ENSG00000177575/ENSG00000146648/ENSG00000108342/ENSG00000163131/ENSG00000164265",8
"CC","GO:0030136","clathrin-coated vesicle","6/114","282/21842",0.00366067225522757,0.0231842576164413,0.0152528010634482,"ENSG00000140564/ENSG00000110195/ENSG00000130164/ENSG00000138760/ENSG00000110799/ENSG00000146648",6
"BP","GO:0032868","response to insulin","6/112","286/20772",0.00457826579478142,0.0239019671801155,0.0157707964249981,"ENSG00000169174/ENSG00000117984/ENSG00000108821/ENSG00000106538/ENSG00000104918/ENSG00000140443",6
"BP","GO:0031668","cellular response to extracellular stimulus","6/112","287/20772",0.00465592691001073,0.0242488644710092,0.0159996832991972,"ENSG00000110195/ENSG00000169174/ENSG00000026103/ENSG00000108821/ENSG00000118972/ENSG00000140443",6
"BP","GO:1902105","regulation of leukocyte differentiation","7/112","384/20772",0.00481490078690261,0.0248352397043127,0.0163865805099332,"ENSG00000141736/ENSG00000164342/ENSG00000164761/ENSG00000105329/ENSG00000184371/ENSG00000163513/ENSG00000139193",7
"CC","GO:0009925","basal plasma membrane","6/114","291/21842",0.00426412473625103,0.0248502331826346,0.0163488376201544,"ENSG00000065361/ENSG00000110195/ENSG00000141736/ENSG00000130164/ENSG00000146648/ENSG00000107159",6
"MF","GO:0140375","immune receptor activity","6/114","314/20696",0.0078995514957152,0.0251869757834398,0.0154255162692837,"ENSG00000198223/ENSG00000115594/ENSG00000027697/ENSG00000113594/ENSG00000243646/ENSG00000115604",6
"BP","GO:0006869","lipid transport","8/112","488/20772",0.00495262909990837,0.0253502640544067,0.0167263995766252,"ENSG00000140564/ENSG00000169174/ENSG00000038945/ENSG00000130164/ENSG00000138760/ENSG00000118785/ENSG00000170323/ENSG00000104918",8
"BP","GO:0042098","T cell proliferation","6/112","292/20772",0.00505889518913236,0.0257098829471511,0.0169636803119437,"ENSG00000141736/ENSG00000136235/ENSG00000136244/ENSG00000120217/ENSG00000131981/ENSG00000163513",6
"BP","GO:0010038","response to metal ion","7/112","392/20772",0.00537777305902055,0.0267092736159518,0.0176230899190245,"ENSG00000115884/ENSG00000166311/ENSG00000164761/ENSG00000146648/ENSG00000170323/ENSG00000118972/ENSG00000091704",7
"BP","GO:0031348","negative regulation of defense response","7/112","396/20772",0.00567710815202804,0.0275450297730546,0.0181745315687968,"ENSG00000091972/ENSG00000140564/ENSG00000030582/ENSG00000019991/ENSG00000067182/ENSG00000130164/ENSG00000105329",7
"BP","GO:0032943","mononuclear cell proliferation","7/112","402/20772",0.00614934770485434,0.0292873700727552,0.0193241479983812,"ENSG00000141736/ENSG00000136235/ENSG00000136244/ENSG00000120217/ENSG00000184371/ENSG00000131981/ENSG00000163513",7
"CC","GO:0045178","basal part of cell","6/114","310/21842",0.00577590369949563,0.0302737021490806,0.0199169093086056,"ENSG00000065361/ENSG00000110195/ENSG00000141736/ENSG00000130164/ENSG00000146648/ENSG00000107159",6
"BP","GO:1901653","cellular response to peptide","7/112","407/20772",0.00656484315702339,0.0305636263153941,0.0201662367368151,"ENSG00000130513/ENSG00000169174/ENSG00000117984/ENSG00000104368/ENSG00000106538/ENSG00000105550/ENSG00000140443",7
"BP","GO:0043087","regulation of GTPase activity","7/112","408/20772",0.0066503960426475,0.0308546104093022,0.0203582314322038,"ENSG00000141736/ENSG00000275152/ENSG00000275718/ENSG00000142627/ENSG00000164050/ENSG00000181104/ENSG00000131142",7
"BP","GO:0002703","regulation of leukocyte mediated immunity","7/112","409/20772",0.00673677812887988,0.0309279333999073,0.0204066107956842,"ENSG00000115594/ENSG00000073008/ENSG00000164342/ENSG00000136244/ENSG00000131015/ENSG00000105329/ENSG00000115604",7
"BP","GO:0048562","embryonic organ morphogenesis","6/112","313/20772",0.00703577792808302,0.0319775509566694,0.0210991606886307,"ENSG00000110195/ENSG00000162998/ENSG00000134853/ENSG00000142627/ENSG00000198719/ENSG00000163513",6
"BP","GO:0002699","positive regulation of immune effector process","7/112","413/20772",0.00709069512962714,0.0320867418392385,0.0211712061051225,"ENSG00000115594/ENSG00000073008/ENSG00000164342/ENSG00000136244/ENSG00000131015/ENSG00000105329/ENSG00000115604",7
"MF","GO:0001664","G protein-coupled receptor binding","6/114","337/20696",0.0109501883443608,0.0325061361439103,0.0199080642412465,"ENSG00000275152/ENSG00000275718/ENSG00000161921/ENSG00000151882/ENSG00000169218/ENSG00000131142",6
"BP","GO:0001666","response to hypoxia","6/112","324/20772",0.00827009630307411,0.0358817630523977,0.023675205316998,"ENSG00000139567/ENSG00000122861/ENSG00000112715/ENSG00000104368/ENSG00000107159/ENSG00000163513",6
"BP","GO:0050670","regulation of lymphocyte proliferation","6/112","327/20772",0.0086321788178109,0.03673822368089,0.0242403080182189,"ENSG00000141736/ENSG00000136235/ENSG00000136244/ENSG00000120217/ENSG00000131981/ENSG00000163513",6
"BP","GO:0001701","in utero embryonic development","7/112","433/20772",0.00907127159455908,0.0383630237893122,0.0253123700601482,"ENSG00000140564/ENSG00000139567/ENSG00000112715/ENSG00000134853/ENSG00000142871/ENSG00000146648/ENSG00000163513",7
"BP","GO:0001822","kidney development","6/112","331/20772",0.00913250736198389,0.0385003499339069,0.0254029794503257,"ENSG00000115884/ENSG00000165731/ENSG00000169174/ENSG00000112715/ENSG00000134853/ENSG00000198719",6
"BP","GO:0043588","skin development","6/112","335/20772",0.00965329972609895,0.0403149506501824,0.0266002741446655,"ENSG00000146648/ENSG00000142627/ENSG00000108821/ENSG00000198719/ENSG00000104371/ENSG00000127863",6
"BP","GO:0036293","response to decreased oxygen levels","6/112","338/20772",0.0100575869415692,0.0413811987539074,0.027303797066259,"ENSG00000139567/ENSG00000122861/ENSG00000112715/ENSG00000104368/ENSG00000107159/ENSG00000163513",6
"BP","GO:0051054","positive regulation of DNA metabolic process","6/112","340/20772",0.0103337341348202,0.0419778547479723,0.0276974776427255,"ENSG00000019991/ENSG00000136244/ENSG00000112562/ENSG00000146648/ENSG00000105329/ENSG00000140443",6
"BP","GO:0072001","renal system development","6/112","341/20772",0.0104738147103043,0.0424824272416433,0.0280304004527761,"ENSG00000115884/ENSG00000165731/ENSG00000169174/ENSG00000112715/ENSG00000134853/ENSG00000198719",6
"BP","GO:0002706","regulation of lymphocyte mediated immunity","6/112","346/20772",0.0111945556492924,0.0443967784787494,0.0292935117029438,"ENSG00000115594/ENSG00000073008/ENSG00000136244/ENSG00000131015/ENSG00000105329/ENSG00000115604",6
"BP","GO:0030098","lymphocyte differentiation","7/112","471/20772",0.0139123136366814,0.0520157312924527,0.0343205855371235,"ENSG00000141736/ENSG00000136244/ENSG00000198719/ENSG00000115604/ENSG00000163513/ENSG00000139193/ENSG00000100097",7
"BP","GO:1990778","protein localization to cell periphery","6/112","371/20772",0.0153320698228754,0.0553152977302393,0.0364976779157114,"ENSG00000141736/ENSG00000067182/ENSG00000146648/ENSG00000142627/ENSG00000105329/ENSG00000131981",6
"CC","GO:0005925","focal adhesion","7/114","483/21842",0.0134354574537046,0.056727487026753,0.0373207151491796,"ENSG00000122861/ENSG00000073008/ENSG00000204381/ENSG00000138760/ENSG00000142798/ENSG00000146648/ENSG00000142627",7
"BP","GO:0032535","regulation of cellular component size","6/112","379/20772",0.0168545534408458,0.0601595194148591,0.039693951822792,"ENSG00000091129/ENSG00000165731/ENSG00000112715/ENSG00000118785/ENSG00000108342/ENSG00000134259",6
"BP","GO:0006979","response to oxidative stress","7/112","491/20772",0.0170981145078991,0.060544513938685,0.0399479756951472,"ENSG00000115884/ENSG00000019991/ENSG00000136244/ENSG00000134853/ENSG00000146648/ENSG00000108821/ENSG00000137496",7
"CC","GO:0030055","cell-substrate junction","7/114","493/21842",0.0148826855826734,0.0611396813126041,0.0402234745477658,"ENSG00000122861/ENSG00000073008/ENSG00000204381/ENSG00000138760/ENSG00000142798/ENSG00000146648/ENSG00000142627",7
"BP","GO:0062197","cellular response to chemical stress","6/112","390/20772",0.0191143206413082,0.0661953898535342,0.0436764894615852,"ENSG00000019991/ENSG00000136244/ENSG00000134853/ENSG00000026103/ENSG00000146648/ENSG00000137496",6
"BP","GO:0046651","lymphocyte proliferation","6/112","395/20772",0.0202069781589014,0.0689096567278716,0.0454673943689395,"ENSG00000141736/ENSG00000136235/ENSG00000136244/ENSG00000120217/ENSG00000131981/ENSG00000163513",6
"BP","GO:0030336","negative regulation of cell migration","6/112","407/20772",0.0230014895318848,0.0753671817342173,0.0497281446041392,"ENSG00000091972/ENSG00000139567/ENSG00000106366/ENSG00000151882/ENSG00000105329/ENSG00000131142",6
"BP","GO:0051098","regulation of binding","6/112","407/20772",0.0230014895318848,0.0753671817342173,0.0497281446041392,"ENSG00000169174/ENSG00000101160/ENSG00000108342/ENSG00000127578/ENSG00000105329/ENSG00000134259",6
"BP","GO:0008544","epidermis development","6/112","410/20772",0.0237388582525221,0.0767499076594223,0.0506404832795984,"ENSG00000131080/ENSG00000146648/ENSG00000142627/ENSG00000198719/ENSG00000104371/ENSG00000127863",6
"BP","GO:1903039","positive regulation of leukocyte cell-cell adhesion","6/112","410/20772",0.0237388582525221,0.0767499076594223,0.0506404832795984,"ENSG00000136244/ENSG00000110080/ENSG00000120217/ENSG00000163513/ENSG00000139193/ENSG00000100097",6
"BP","GO:2000146","negative regulation of cell motility","6/112","423/20772",0.0271178974807233,0.0850053999483563,0.0560875532757965,"ENSG00000091972/ENSG00000139567/ENSG00000106366/ENSG00000151882/ENSG00000105329/ENSG00000131142",6
"BP","GO:1902074","response to salt","6/112","430/20772",0.0290635060063573,0.0896347990541688,0.0591420847425025,"ENSG00000115884/ENSG00000166311/ENSG00000108821/ENSG00000170323/ENSG00000118972/ENSG00000140443",6
"BP","GO:0060537","muscle tissue development","6/112","445/20772",0.0335379908188982,0.0990962488103648,0.0653848595260964,"ENSG00000065361/ENSG00000112715/ENSG00000134853/ENSG00000198719/ENSG00000105329/ENSG00000163513",6
"BP","GO:0051251","positive regulation of lymphocyte activation","6/112","463/20772",0.0394713955381292,0.111226237742707,0.0733883675490092,"ENSG00000136244/ENSG00000120217/ENSG00000105329/ENSG00000163513/ENSG00000139193/ENSG00000100097",6
"BP","GO:0040013","negative regulation of locomotion","6/112","464/20772",0.0398194179069297,0.112088939786383,0.0739575884086867,"ENSG00000091972/ENSG00000139567/ENSG00000106366/ENSG00000151882/ENSG00000105329/ENSG00000131142",6
"BP","GO:0002833","positive regulation of response to biotic stimulus","6/112","466/20772",0.0405213295730118,0.113113242197031,0.0746334350732823,"ENSG00000030582/ENSG00000073008/ENSG00000164342/ENSG00000120217/ENSG00000163131/ENSG00000186074",6
"CC","GO:0045177","apical part of cell","6/114","487/21842",0.0425095064905211,0.119656388639985,0.0787213083157799,"ENSG00000065361/ENSG00000110195/ENSG00000141736/ENSG00000104368/ENSG00000130164/ENSG00000198719",6
"BP","GO:0022409","positive regulation of cell-cell adhesion","6/112","479/20772",0.045275727991299,0.123716043417732,0.0816292868509347,"ENSG00000136244/ENSG00000110080/ENSG00000120217/ENSG00000163513/ENSG00000139193/ENSG00000100097",6
